Direction,tCount,Time,HeadPitch,HeadYaw,HeadRoll,BodyPitch,BodyYaw,BodyRoll
Right,1,17.87651,25.14758,-1.045863,0.8273254,1.446045,2.959691,-0.03956468
Right,1,17.95088,25.13547,-1.057029,0.8357967,1.465136,2.973284,-0.02797646
Right,1,17.97679,25.15742,-1.080646,0.8263788,1.533656,3.022714,0
Right,1,18.00213,25.14066,-1.09289,0.8318071,1.590286,3.063052,0.04845664
Right,1,18.02284,25.13449,-1.101629,0.8320423,1.633626,3.09421,0.07132626
Right,1,18.0514,25.13482,-1.084262,0.8318071,1.680977,3.119289,0.09691329
Right,1,18.08443,25.12362,-1.099495,0.839068,1.72465,3.14983,0.1235407
Right,1,18.12439,25.11931,-1.103404,0.8425589,1.751224,3.17157,0.1440177
Right,1,18.15296,25.08652,-1.080827,0.8600281,1.748988,3.175395,0.14537
Right,1,18.17388,25.08605,-1.07429,0.8607104,1.754128,3.184322,0.1506579
Right,1,18.19823,25.057,-1.057399,0.8697567,1.726464,3.165268,0.1297215
Right,1,18.21874,25.03538,-1.043427,0.8784871,1.706398,3.146472,0.1101434
Right,1,18.25276,25.06049,-1.051461,0.8620735,1.699387,3.137749,0.1027921
Right,1,18.28552,25.06812,-1.073196,0.8559229,1.713151,3.146907,0.1119058
Right,1,18.31858,25.10587,-1.110299,0.8455727,1.715091,3.14311,0.1119058
Right,1,18.34315,25.15445,-1.148077,0.8357967,1.649482,3.079688,0.07132626
Right,1,18.36389,25.16073,-1.155722,0.8400003,1.622327,3.053386,0.04845664
Right,1,18.39676,25.19095,-1.185807,0.8420942,1.585109,3.008433,0
Right,1,18.43678,25.21682,-1.238911,0.8588898,1.497371,2.911613,-0.06852804
Right,1,18.46504,25.25992,-1.297695,0.8504184,1.461525,2.865394,-0.1119058
Right,1,18.48614,25.28302,-1.344066,0.8406988,1.436813,2.849432,-0.1153499
Right,1,18.51902,25.32278,-1.456831,0.8211529,1.40249,2.804702,-0.1467098
Right,1,18.55301,25.21157,-1.58659,0.8425589,1.398578,2.733589,-0.2255535
Right,1,18.59311,25.1849,-1.770783,0.857978,1.40806,2.678396,-0.2811602
Right,1,18.62055,25.16887,-2.064027,0.9056864,1.46607,2.536671,-0.3460502
Right,1,18.64186,25.20982,-2.238259,0.9170658,1.484244,2.42277,-0.3835945
Right,1,18.67491,25.27476,-2.615689,0.9145018,1.502069,2.257414,-0.4825446
Right,1,18.70878,25.29139,-3.101856,0.9429458,1.496325,2.126517,-0.4710537
Right,1,18.74829,25.27898,-3.680042,0.9827783,1.603521,2.105428,-0.4182466
Right,1,18.77653,25.12165,-4.34875,1.040423,1.812078,2.041623,-0.3322025
Right,1,18.79731,25.0221,-4.745325,1.054434,1.88471,1.963637,-0.309643
Right,1,18.83069,24.75002,-5.52556,1.063856,2.143293,1.71965,-0.3886621
Right,1,18.86402,24.26653,-6.339329,1.043052,2.278901,1.567729,-0.3941611
Right,1,18.90357,23.71978,-7.266335,0.9624583,2.60752,1.30161,-0.5293413
Right,1,18.93257,23.20864,-8.39157,0.8199606,3.284855,1.512067,-0.7651502
Right,1,18.95281,22.98678,-9.032615,0.7074825,3.628658,1.543703,-0.957362
Right,1,18.98618,22.56709,-10.39353,0.4635163,3.991401,1.356529,-1.145688
Right,1,19.01937,22.2268,-11.92833,0.1876719,3.796379,0.9995593,-0.8386015
Right,1,19.05002,21.95988,-13.56141,-0.09891172,3.564527,0.569239,-0.5467969
Right,1,19.07866,21.85981,-15.46084,-0.4039677,3.324135,0.02797646,-0.4801054
Right,1,19.11028,21.87124,-17.44711,-0.7124436,3.455304,-0.3981127,-0.5442861
Right,1,19.13037,21.899,-18.48475,-0.8416294,3.490876,-0.5185105,-0.4873863
Right,1,19.16383,21.8971,-20.55183,-1.095215,3.479359,-0.7818466,-0.4541341
Right,1,19.19695,21.84385,-22.64509,-1.32249,3.507048,-1.182998,-0.4320539
Right,1,19.23085,21.81178,-24.66475,-1.454949,3.523479,-1.609489,-0.4000739
Right,1,19.26399,21.82205,-26.67157,-1.507141,3.521867,-2.081777,-0.4288719
Right,1,19.29746,21.9047,-28.5932,-1.427933,3.468482,-2.674227,-0.5695826
Right,1,19.33122,22.1315,-30.37466,-1.255386,3.452754,-3.149271,-0.5941319
Right,1,19.36441,22.35709,-32.07764,-0.966516,3.368599,-3.672585,-0.6314908
Right,1,19.39713,22.55891,-33.68902,-0.6661724,3.227738,-4.181138,-0.5947903
Right,1,19.42119,22.72885,-35.177,-0.302612,2.968738,-4.499366,-0.5868416
Right,1,19.44224,22.82928,-35.95444,-0.09891172,2.926099,-4.743013,-0.5574291
Right,1,19.47478,23.14629,-37.50612,0.1282043,2.93565,-5.249678,-0.5747126
Right,1,19.4991,23.49927,-39.03016,0.2272819,3.167432,-5.646009,-0.8886743
Right,1,19.51959,23.69171,-39.82999,0.2646699,3.190341,-5.948771,-0.8726766
Right,1,19.55293,24.00277,-41.35854,0.3732531,3.404271,-6.293357,-1.0201
Right,1,19.57773,24.22166,-42.73693,0.4988932,3.518251,-6.716475,-1.13832
Right,1,19.60955,24.40061,-44.05546,0.6351982,3.403293,-7.295868,-1.042302
Right,1,19.64231,24.55413,-45.22561,0.7409853,3.534298,-7.450034,-1.122393
Right,1,19.67525,24.65997,-46.28641,0.8067285,3.884991,-7.427691,-1.398997
Right,1,19.70942,24.67784,-47.26059,1.057584,3.691039,-8.072632,-1.327954
Right,1,19.73082,24.70731,-47.73067,1.158765,3.781443,-8.239834,-1.462462
Right,1,19.7641,24.74781,-48.52469,1.359555,3.667837,-8.838824,-1.420789
Right,1,19.79737,24.79682,-49.18279,1.485562,3.229739,-9.417616,-1.287096
Right,1,19.83158,24.84134,-49.73623,1.624135,3.117155,-9.710899,-1.159272
Right,1,19.86467,24.87019,-50.19185,1.803634,3.06318,-9.913358,-0.8877931
Right,1,19.89784,24.89466,-50.59113,1.931379,3.307425,-10.09886,-1.125353
Right,1,19.9309,24.94899,-50.98158,1.957748,4.189514,-9.472743,-1.78257
Right,1,19.96429,24.97986,-51.38213,2.032014,4.943992,-8.937493,-2.313676
Right,1,19.99773,25.01073,-51.85097,2.183461,4.901609,-9.196268,-2.228004
Right,1,20.0315,25.04575,-52.43048,2.422609,4.382936,-9.952203,-1.795478
Right,1,20.06428,25.13707,-53.13531,2.672689,3.966597,-10.53065,-1.42615
Right,1,20.09785,25.27062,-53.95775,2.78755,3.797926,-10.93576,-1.275796
Right,1,20.13164,25.32694,-54.80869,3.108161,3.910212,-10.97626,-1.335595
Right,1,20.16479,25.31508,-55.67545,3.551926,3.6921,-11.24225,-1.115749
Right,1,20.19754,25.2552,-56.51086,4.095147,3.454398,-11.56088,-0.7878303
Right,1,20.23101,25.20975,-57.26583,4.556769,3.622663,-11.64481,-0.9956363
Right,1,20.26466,25.2032,-57.91275,4.831362,3.505819,-12.0572,-0.8851442
Right,1,20.28504,25.11876,-58.27888,5.116497,3.469723,-12.18039,-0.7833468
Right,1,20.32117,25.0854,-58.82435,5.410192,3.531194,-12.37245,-0.8991814
Right,1,20.35738,25.13709,-59.23462,5.435884,3.58381,-12.63459,-1.055918
Right,1,20.38846,25.13886,-59.51099,5.853907,3.503696,-12.8554,-0.9795874
Right,1,20.42152,25.1585,-59.74524,6.253384,3.907857,-12.52579,-1.419411
Right,1,20.45435,25.18881,-60.08332,6.278479,3.795244,-12.72752,-1.218365
Right,1,20.48695,25.2275,-60.4192,6.38577,3.942034,-12.83707,-1.288919
Right,1,20.51967,25.32392,-60.6679,6.226835,4.669464,-12.45969,-1.780482
Right,2,28.56526,25.81244,-2.810767,-1.966525,-3.086989,3.188623,2.239832
Right,2,28.59795,25.73848,-2.780378,-1.984752,-3.112756,3.254076,2.063458
Right,2,28.63131,25.70629,-2.773329,-1.984851,-2.986751,3.018631,2.313253
Right,2,28.66429,25.70012,-2.780308,-1.9882,-2.972033,2.735522,2.637004
Right,2,28.68806,25.70466,-2.797294,-1.996648,-2.997481,2.633142,2.73824
Right,2,28.71625,25.70837,-2.807771,-1.999489,-2.999505,2.638043,2.731512
Right,2,28.74311,25.7035,-2.800161,-2.011978,-3.036478,2.576255,2.820222
Right,2,28.76415,25.6983,-2.797574,-2.012465,-3.039248,2.575267,2.82279
Right,2,28.79797,25.67964,-2.783896,-2.016448,-3.012919,2.612694,2.754845
Right,2,28.83148,25.64962,-2.778195,-2.019164,-3.014088,2.576938,2.77114
Right,2,28.86457,25.60365,-2.759247,-2.026227,-3.045233,2.486325,2.857869
Right,2,28.89779,25.53342,-2.728428,-2.004474,-3.119603,2.343014,3.00081
Right,2,28.93075,25.52094,-2.736953,-1.973876,-3.17823,2.241754,3.088574
Right,2,28.96381,25.51724,-2.767535,-1.958747,-3.231618,2.141283,3.160254
Right,2,28.9977,25.47991,-2.811255,-1.938964,-3.229376,2.187759,3.139807
Right,2,29.03097,25.42036,-2.857389,-1.90372,-3.196411,2.475121,2.971506
Right,2,29.06434,25.33243,-2.910133,-1.855196,-3.243229,2.728787,2.811463
Right,2,29.09733,25.20916,-2.994148,-1.808077,-3.287417,2.809653,2.743881
Right,2,29.12167,25.10491,-3.132066,-1.777182,-3.334309,2.878752,2.67993
Right,2,29.14887,25.06621,-3.222579,-1.760475,-3.364063,2.910671,2.646488
Right,2,29.1766,25.01526,-3.417072,-1.730766,-3.418447,2.909998,2.610895
Right,2,29.19799,24.96303,-3.575496,-1.709148,-3.427712,2.892185,2.606619
Right,2,29.23114,24.90698,-3.918066,-1.666714,-3.429255,2.851423,2.611945
Right,2,29.25547,24.86823,-4.229201,-1.628828,-3.420737,2.808189,2.626368
Right,2,29.27596,24.83065,-4.399438,-1.595078,-3.362375,2.673348,2.662858
Right,2,29.30849,24.73503,-4.743054,-1.486879,-3.226465,2.452958,2.515517
Right,2,29.33296,24.71029,-5.108602,-1.386916,-3.164402,2.380966,2.333555
Right,2,29.35322,24.7117,-5.276595,-1.32101,-3.171015,2.378416,2.293881
Right,2,29.38667,24.71463,-5.587564,-1.222213,-3.191262,2.380884,2.261139
Right,2,29.41031,24.68676,-5.851161,-1.160453,-3.206684,2.383513,2.254464
Right,2,29.4313,24.71448,-5.982811,-1.158934,-3.204852,2.375782,2.253249
Right,2,29.46484,24.75308,-6.19625,-1.148418,-3.201979,2.353183,2.249337
Right,2,29.49779,24.7587,-6.365041,-1.140896,-3.177306,2.327761,2.224136
Right,2,29.52209,24.73301,-6.496157,-1.126396,-3.113699,2.235109,2.235546
Right,2,29.54288,24.7099,-6.557627,-1.118376,-3.101414,2.202115,2.222816
Right,2,29.57534,24.67461,-6.687211,-1.109946,-2.975522,1.908341,2.400777
Right,2,29.6069,24.6577,-6.819206,-1.075746,-2.961938,1.689339,2.687224
Right,2,29.63234,24.64658,-6.957281,-1.039105,-3.053258,1.322638,2.956845
Right,2,29.65346,24.62214,-7.035978,-1.029076,-3.100025,1.171863,3.034801
Right,2,29.68708,24.61339,-7.201516,-1.000733,3.215646,0.8961296,3.16805
Right,2,29.71976,24.62798,-7.42283,-0.932722,3.308372,0.6824232,3.252271
Right,2,29.74425,24.66965,-7.648372,-0.8908735,3.374639,0.5132,3.306182
Right,2,29.77162,24.673,-7.769935,-0.8666012,3.391652,0.4427898,3.317414
Right,2,29.79912,24.61453,-8.049253,-0.7679582,3.405248,0.3274564,3.321424
Right,2,29.83169,24.57238,-8.309456,-0.6705639,3.390902,0.2238118,3.29895
Right,2,29.86489,24.60601,-8.593086,-0.5934729,3.360977,0.1186941,3.261708
Right,2,29.89813,24.63822,-8.919031,-0.5263757,3.319951,0.01978234,3.212052
Right,2,29.93167,24.65128,-9.272117,-0.4673002,3.280501,-0.08846933,3.155481
Right,2,29.96465,24.63852,-9.610878,-0.4410186,3.254016,-0.1607126,3.109924
Right,2,29.98869,24.62149,-9.98696,-0.403483,3.278352,-0.1780411,3.104569
Right,2,30.00968,24.601,-10.21041,-0.3658403,3.284616,-0.199792,3.092755
Right,2,30.04264,24.57688,-10.68997,-0.2719625,2.932915,0.3881583,2.433491
Right,2,30.08239,24.53286,-11.2798,-0.1802258,2.833311,0.6832828,2.052045
Right,2,30.11037,24.44804,-11.99461,-0.04423466,2.781645,0.1594904,2.238696
Right,2,30.13168,24.41743,-12.39109,0.05233916,2.642936,0.04845664,2.236247
Right,2,30.15582,24.3949,-13.15513,0.2446942,2.163108,0.09691329,2.108493
Right,2,30.1781,24.42427,-13.5959,0.3380413,-2.131114,0.1506579,2.045262
Right,2,30.21021,24.45592,-14.45759,0.5467969,-2.135517,0,2.053094
Right,2,30.23744,24.4721,-14.88446,0.6626383,-2.095738,-0.03426402,2.014506
Right,2,30.26548,24.68292,-15.84866,0.8474219,2.291833,-0.3658403,2.237996
Right,2,30.29779,24.80981,-16.71153,1.038352,2.512403,-0.6243232,2.40257
Right,2,30.32171,24.85592,-17.6039,1.164493,2.672909,-0.81781,2.504053
Right,2,30.34314,24.88546,-18.06745,1.245841,2.725844,-0.9004862,2.534586
Right,2,30.37595,24.91404,-18.97364,1.478564,2.453756,-0.7833468,2.346269
Right,2,30.40933,24.81767,-19.97495,1.684118,2.585507,-0.9221727,2.442964
Right,2,30.44271,24.75007,-20.97659,1.925899,2.781082,-1.0945,2.574659
Right,2,30.47857,24.58451,-22.0273,2.198735,2.93645,-1.236539,2.66631
Right,2,30.51033,24.40242,-23.0796,2.459891,3.024009,-1.406252,2.700739
Right,2,30.53121,24.43308,-23.50231,2.587929,3.056142,-1.472729,2.696096
Right,2,30.56472,24.42693,-24.32821,2.790007,3.141117,-1.644015,2.725701
Right,2,30.59768,24.34389,-25.12505,2.947164,3.218688,-1.830666,2.781856
Right,2,30.62184,24.25921,-25.78169,3.113447,3.196166,-1.971495,2.750294
Right,2,30.64235,24.21115,-26.08669,3.197207,2.886629,-1.839624,2.573366
Right,2,30.66579,24.20159,-26.67677,3.195369,2.903871,-1.918365,2.520725
Right,2,30.68697,24.14198,-26.9724,3.216498,3.03209,-2.022359,2.550905
Right,2,30.72021,23.97383,-27.54446,3.252151,3.060878,-2.069803,2.488842
Right,2,30.74393,23.71203,-28.14738,3.29984,3.051077,-2.192585,2.378581
Right,2,30.76449,23.52229,-28.52368,3.307958,3.134378,-2.33808,2.357006
Right,2,30.79782,23.14115,-29.35652,3.300848,3.426399,-2.650849,2.345936
Right,2,30.82209,22.7606,-30.26735,3.242927,3.637873,-2.854785,2.290978
Right,2,30.84271,22.58103,-30.74584,3.223672,3.728934,-2.980321,2.240793
Right,2,30.87621,22.28553,-31.72231,3.133379,4.027009,-2.702188,1.748317
Right,2,30.90958,22.09029,-32.77015,2.955256,4.363364,-2.788603,1.549776
Right,2,30.94258,21.97102,-33.91269,2.757757,4.326671,-3.178722,1.60803
Right,2,30.97555,21.99973,-35.09051,2.490886,4.381192,-3.458816,1.651379
Right,2,30.99997,22.0595,-36.22128,2.281219,5.004098,-2.79155,0.8285072
Right,2,31.0264,22.0528,-36.8162,2.236422,5.033727,-2.759105,0.7607903
Right,2,31.05489,21.93547,-38.09457,2.356923,5.249043,-2.985112,0.6321102
Right,2,31.07592,21.94481,-38.73378,2.399636,5.265703,-3.346266,0.8108415
Right,2,31.10924,22.00925,-39.98883,2.504287,5.527156,-3.608963,0.5395923
Right,2,31.13303,22.11284,-41.14809,2.627113,5.43051,-4.274206,0.589503
Right,2,31.15368,22.17146,-41.71139,2.741169,5.542417,-4.288569,0.4196478
Right,2,31.17988,22.22678,-42.23515,2.862249,5.50367,-4.488382,0.4325065
Right,2,31.21065,22.42374,-43.41909,3.041566,5.364214,-5.139956,0.7124436
Right,2,31.23163,22.47956,-43.95191,3.264168,5.265442,-5.429356,0.8137322
Right,2,31.26473,22.56374,-44.92599,3.748469,5.137325,-5.897974,0.9602193
Right,2,31.29772,22.67874,-45.84431,4.213288,5.189615,-6.240485,0.6792617
Right,2,31.32834,22.75453,-46.66918,4.655473,5.12652,-6.857868,0.6173896
Right,2,31.35498,22.90206,-47.49789,4.778564,4.876645,-7.346038,0.3990945
Right,2,31.37594,22.98213,-47.93505,4.84715,4.878854,-7.673605,0.5028
Right,2,31.40047,23.12758,-48.69088,5.134044,4.333139,-8.601128,0.5457222
Right,2,31.42115,23.22645,-49.07226,5.300604,4.252615,-8.806806,0.3351346
Right,2,31.45342,23.39371,-49.81408,5.642989,4.059219,-9.351959,0.1780411
Right,2,31.48479,23.57948,-50.47835,5.89568,3.678392,-9.948092,0.2027088
Right,2,31.51118,23.75891,-51.11603,6.068697,3.512793,-10.33845,0.08156469
Right,2,31.53224,23.8308,-51.44447,6.119203,3.569851,-10.47713,-0.1545051
Right,2,31.56544,23.92986,-52.02583,6.209336,3.372665,-11.00875,-0.3494264
Right,2,31.59815,23.99698,-52.53419,6.290085,3.163845,-11.55991,-0.4445539
Right,2,31.62219,24.00604,-53.00096,6.409583,3.286761,-11.94943,-0.7613045
Right,2,31.64935,23.99697,-53.23622,6.485673,3.160007,-12.37292,-0.8355626
Right,2,31.67701,23.97141,-53.7233,6.691023,2.815012,-13.02278,-0.6483091
Right,2,31.70935,24.00658,-54.20891,6.889399,2.566892,-13.70726,-0.7666831
Right,2,31.73309,24.02891,-54.72195,7.155247,2.434537,-14.2716,-0.9004862
Right,2,31.75381,24.05575,-55.01204,7.297239,2.664621,-14.30733,-0.9687405
Right,2,31.78767,24.11091,-55.59558,7.753904,2.50022,-14.60895,-0.646193
Right,2,31.82031,24.18963,-56.16834,8.366471,2.08891,-14.95263,-0.2486604
Right,2,31.85336,24.29392,-56.7894,8.726274,1.881904,-15.30795,-0.02797646
Right,2,31.87732,24.4412,-57.43251,8.721118,1.844087,-15.68426,0.1170339
Right,2,31.89808,24.49792,-57.72079,8.808211,1.842282,-15.89757,0.132704
Right,2,31.92284,24.60213,-58.25465,8.867361,1.772882,-16.28371,0
Right,2,31.9429,24.64145,-58.50912,8.943229,1.726691,-16.41413,0.05595291
Right,2,31.97573,24.71296,-58.98012,9.080323,1.64782,-16.60801,0.3466151
Right,2,31.99914,24.76616,-59.39511,9.133833,1.587329,-16.95388,0.3077414
Right,2,32.02042,24.78081,-59.58244,9.20334,1.561225,-17.12988,0.324455
Right,2,32.05342,24.80969,-59.94349,9.33772,1.498547,-17.5537,0.2462884
Right,2,32.07754,24.80991,-60.29491,9.570497,1.436404,-17.97534,0.1341704
Right,2,32.09844,24.85271,-60.46888,9.59618,1.42807,-18.17958,0.183454
Right,2,32.13194,24.93943,-60.79199,9.591077,1.383242,-18.56672,0.3000144
Right,3,36.87749,24.90664,-3.184629,-6.145322,-3.731978,3.931538,3.11571
Right,3,36.90153,24.91732,-3.192059,-6.130054,-3.730509,3.929844,3.110176
Right,3,36.92274,24.90332,-3.217472,-6.125607,-3.729722,3.927003,3.109232
Right,3,36.95624,24.93853,-3.254618,-6.131621,-3.725572,3.924059,3.108287
Right,3,36.98074,25.01941,-3.279128,-6.158484,-3.72268,3.913316,3.104127
Right,3,37.0047,25.1294,-3.29705,-6.180569,-3.726465,3.859453,3.064649
Right,3,37.03841,25.25996,-3.353045,-6.156064,-3.718417,3.824745,3.036155
Right,3,37.06196,25.42362,-3.378697,-6.142642,-3.690296,3.822798,3.027697
Right,3,37.08675,25.60575,-3.362025,-6.113658,-3.642123,3.831599,3.014153
Right,3,37.10715,25.72302,-3.350008,-6.097604,-3.604892,3.834766,2.998852
Right,3,37.13109,25.96075,-3.384024,-6.035172,-3.547072,3.820749,2.961079
Right,3,37.16396,26.17318,-3.459552,-5.963877,-3.507718,3.768683,2.910402
Right,3,37.19815,26.38523,-3.551871,-5.8785,-3.455191,3.720576,2.865052
Right,3,37.23168,26.59147,-3.629413,-5.781334,-3.380956,3.677114,2.830131
Right,3,37.25329,26.68146,-3.682967,-5.71666,-3.315879,3.650178,2.810767
Right,3,37.28765,26.9128,-3.831445,-5.616043,-3.205462,3.607661,2.779956
Right,3,37.31004,27.04919,-3.939648,-5.578929,-3.16366,3.592704,2.767889
Right,3,37.33134,27.19193,-4.078951,-5.552203,-3.149146,3.595918,2.764421
Right,3,37.36458,27.44383,-4.349561,-5.485766,-3.102992,3.597388,2.752642
Right,3,37.39767,27.60244,-4.588853,-5.377459,-3.079179,3.612162,2.749867
Right,3,37.43197,27.63861,-4.786592,-5.25982,-3.072687,3.645186,2.75129
Right,3,37.46798,27.68014,-4.932606,-5.190559,-3.080768,3.687217,2.758041
Right,3,37.50664,27.62974,-4.991789,-5.183873,-3.074916,3.712356,2.753068
Right,3,37.53185,27.41926,-4.992143,-5.167784,-3.060047,3.711829,2.741026
Right,3,37.55693,27.3242,-4.926963,-5.189804,-3.036864,3.700046,2.726706
Right,3,37.59077,27.15615,-4.773889,-5.290095,-2.986948,3.662548,2.698419
Right,3,37.6224,27.07021,-4.593163,-5.398698,-2.972297,3.644756,2.68358
Right,3,37.65471,27.0942,-4.383471,-5.463967,-2.995194,3.641854,2.678761
Right,3,37.68874,27.10928,-4.174529,-5.526305,-3.004265,3.651358,2.672177
Right,3,37.72173,27.08189,-4.005604,-5.570528,-3.009473,3.656235,2.669978
Right,3,37.75425,26.99381,-3.902994,-5.582441,-2.992251,3.652912,2.663813
Right,3,37.78695,26.80908,-3.847358,-5.529744,-2.996501,3.657733,2.667558
Right,3,37.81117,26.59802,-3.821415,-5.438912,-2.986554,3.64991,2.670565
Right,3,37.83807,26.52682,-3.826229,-5.407511,-2.989437,3.645078,2.67591
Right,3,37.86549,26.39553,-3.854731,-5.362679,-2.991597,3.62828,2.679199
Right,3,37.88702,26.35512,-3.876261,-5.365529,-2.994671,3.620284,2.679638
Right,3,37.91933,26.26941,-3.914066,-5.384195,-2.996632,3.604131,2.678761
Right,3,37.94311,26.16712,-3.933928,-5.392524,-2.975193,3.573634,2.663887
Right,3,37.96448,26.06264,-3.921913,-5.387871,-2.982488,3.552973,2.666237
Right,3,37.99719,25.82023,-3.875048,-5.376985,-3.025563,3.655859,2.578912
Right,3,38.02106,25.56678,-3.826638,-5.358512,-3.099899,3.788117,2.443604
Right,3,38.04207,25.42235,-3.795038,-5.332448,-3.136439,3.813208,2.412813
Right,3,38.07515,25.16248,-3.76728,-5.262539,-3.200267,3.891739,2.229409
Right,3,38.09885,24.96969,-3.817468,-5.210377,-3.266027,3.943474,2.06668
Right,3,38.13183,24.8335,-3.88252,-5.158259,-3.310029,3.943076,1.954446
Right,3,38.16468,24.75063,-3.947296,-5.117492,-3.338416,3.943275,1.947022
Right,3,38.18821,24.66147,-3.963584,-5.077943,-3.391248,3.962447,1.964932
Right,3,38.20886,24.59251,-3.971974,-5.05412,-3.41455,3.969409,1.975362
Right,3,38.23253,24.43889,-4.043993,-5.007738,-3.436327,3.968669,1.994981
Right,3,38.25269,24.34675,-4.134649,-4.989434,-3.41627,3.944963,2.017127
Right,3,38.27652,24.19715,-4.277092,-4.928752,-3.374116,3.893047,2.047366
Right,3,38.29765,24.05404,-4.364485,-4.858736,-3.335189,3.851275,2.050232
Right,3,38.33141,23.74284,-4.566817,-4.710355,-3.254437,3.767592,2.043635
Right,3,38.36407,23.40856,-4.84812,-4.551049,-3.023297,3.454171,2.226862
Right,3,38.38791,23.10209,-5.165736,-4.390659,-2.882626,2.953665,2.601357
Right,3,38.40869,22.96087,-5.356867,-4.301702,-2.90414,2.814456,2.710794
Right,3,38.44189,22.73615,-5.754625,-4.115849,-2.903399,2.561778,2.788322
Right,3,38.47283,22.5304,-6.17276,-3.929994,-3.005438,2.151223,2.957242
Right,3,38.49857,22.39164,-6.632765,-3.705969,3.160316,1.842282,3.108917
Right,3,38.51933,22.28244,-6.913471,-3.570838,3.284855,1.773213,3.22434
Right,3,38.54355,22.19286,-7.438779,-3.358763,3.501348,1.65209,3.414378
Right,3,38.5643,22.19296,-7.729414,-3.25558,3.575441,1.594218,3.475249
Right,3,38.59707,22.23057,-8.330035,-3.069691,3.657252,1.448073,3.537565
Right,3,38.62783,22.25432,-8.926891,-2.88215,3.526034,1.331633,3.419649
Right,3,38.65425,22.22545,-9.55119,-2.682485,3.243832,1.302061,3.172805
Right,3,38.6871,22.21939,-10.2227,-2.478756,3.287893,1.116275,3.193654
Right,3,38.71946,22.28744,-10.97939,-2.275979,3.374639,0.8636609,3.240693
Right,3,38.74395,22.3044,-11.72123,-2.06687,3.436725,0.6437659,3.256782
Right,3,38.76445,22.3038,-12.12158,-1.948027,3.462832,0.5637122,3.251127
Right,3,38.78476,22.29763,-12.45633,-1.803525,3.49239,0.5016313,3.247813
Right,3,38.80923,22.31123,-13.16912,-1.56985,3.487285,0.3409232,3.199472
Right,3,38.84231,22.3266,-13.75511,-1.339983,3.47446,0.1845175,3.160997
Right,3,38.8748,22.411,-14.2816,-1.129172,3.47722,0.0656106,3.153184
Right,3,38.89908,22.36576,-14.67584,-0.8753631,3.563318,0.05233916,3.238215
Right,3,38.91956,22.33054,-14.83725,-0.7636142,3.591614,0.04423466,3.268244
Right,3,38.95316,22.28408,-15.07604,-0.5990517,3.678764,0.06852804,3.358238
Right,3,38.97742,22.26969,-15.19882,-0.5059038,3.751968,0.09891172,3.434845
Right,3,38.99794,22.34877,-15.20769,-0.5326577,3.717733,0.06852804,3.403926
Right,3,39.03135,22.50119,-15.13212,-0.6170725,3.656663,0.02797646,3.35573
Right,3,39.06444,22.49625,-14.95594,-0.7571809,3.61097,0.03426402,3.330842
Right,3,39.10399,22.61994,-14.66938,-0.9640834,3.604728,0.07912937,3.34082
Right,3,39.13216,22.77963,-14.2931,-1.183825,3.640563,0.1545051,3.378002
Right,3,39.16514,22.92347,-13.97071,-1.363866,3.648246,0.1907741,3.394134
Right,3,39.19778,23.02486,-13.7253,-1.472995,3.642714,0.1813082,3.402775
Right,3,39.23157,23.06355,-13.65276,-1.523157,3.640724,0.1467098,3.410075
Right,3,39.26468,23.04169,-13.75024,-1.502069,3.636796,0.08622923,3.404328
Right,3,39.30598,22.98501,-13.92215,-1.383525,3.589324,-0.02797646,3.35818
Right,3,39.3315,22.97436,-14.21205,-1.251952,3.549555,-0.1607126,3.3063
Right,3,39.35336,22.95776,-14.40988,-1.185807,3.538782,-0.2220564,3.285808
Right,3,39.38594,22.94833,-14.85358,-1.028696,3.533467,-0.3351346,3.252331
Right,3,39.41935,22.93052,-15.35092,-0.8618464,3.583755,-0.4584226,3.251729
Right,3,39.44344,22.96489,-15.842,-0.7401926,3.536292,-0.5524929,3.167679
Right,3,39.46442,22.9515,-16.09497,-0.6486109,3.485712,-0.615485,3.086355
Right,3,39.49759,22.89809,-16.60357,-0.4614008,3.364121,-0.839068,2.877052
Right,3,39.53125,22.85245,-17.13364,-0.2654082,3.268244,-1.107652,2.697693
Right,3,39.57066,22.92091,-17.69361,-0.1266688,3.202896,-1.341151,2.569255
Right,3,39.59871,23.11238,-18.31613,-0.03956468,3.133941,-1.635662,2.396452
Right,3,39.63088,23.27282,-18.9128,0.06852804,3.107153,-1.905673,2.254464
Right,3,39.66433,23.34525,-19.64262,0.2148914,3.272075,-1.624376,1.656821
Right,3,39.68822,23.32913,-20.45693,0.3784592,3.813567,-0.9373261,0.7712635
Right,3,39.70919,23.35039,-20.8935,0.4881886,4.01049,-0.8386015,0.5941319
Right,3,39.74179,23.43685,-21.78238,0.7049889,3.916967,-1.335302,1.072649
Right,3,39.76557,23.41778,-22.68976,0.892629,4.131285,-1.397598,0.8360308
Right,3,39.78673,23.40486,-23.18194,0.9879416,4.0438,-1.860043,1.019332
Right,3,39.82035,23.50805,-24.10839,1.123613,3.893902,-2.619577,1.323526
Right,3,39.85337,23.53708,-25.05028,1.267177,3.697929,-3.167061,1.502069
Right,3,39.89326,23.53468,-25.99476,1.438719,3.55815,-3.520699,1.603276
Right,3,39.92099,23.57768,-26.98034,1.609489,3.493399,-3.833285,1.662128
Right,3,39.95337,23.66765,-27.89988,1.730314,3.603968,-3.669065,1.376435
Right,3,39.98692,23.79514,-28.81421,1.824241,3.936764,-3.411797,1.061463
Right,3,40.01978,23.96223,-29.69873,1.877323,3.640509,-3.542653,1.004052
Right,3,40.04121,24.05143,-30.13252,1.891758,3.251609,-3.668424,0.9907107
Right,3,40.06571,24.05322,-31.05528,1.991446,3.541326,-3.958245,0.9475003
Right,3,40.08596,23.94173,-31.55117,2.116924,3.839053,-3.951411,0.7074825
Right,3,40.11003,23.66344,-32.44975,2.430594,3.913516,-4.238499,0.8182884
Right,3,40.13073,23.46883,-32.9408,2.651809,3.87525,-4.447921,0.8134917
Right,3,40.15479,23.09962,-33.86821,3.067778,3.64438,-5.041,0.9043891
Right,3,40.17513,22.8957,-34.35018,3.300314,3.607552,-5.381356,0.9887336
Right,3,40.20885,22.4542,-35.32762,3.842316,3.692842,-5.757928,0.9985801
Right,3,40.23263,22.09366,-36.28519,4.275488,3.56601,-6.342668,0.6737661
Right,3,40.25304,21.98751,-36.75608,4.428813,3.902593,-6.243752,0.3544303
Right,3,40.27712,21.82105,-37.58222,4.770358,4.099592,-6.442204,0.4423477
Right,3,40.29767,21.76558,-38.00892,4.952346,3.970692,-6.592343,0.5374122
Right,3,40.33121,21.7796,-38.85844,5.146508,3.783824,-7.212949,0.3380413
Right,3,40.36495,21.93083,-39.75295,5.089929,3.537454,-8.000498,0.1619255
Right,3,40.39743,22.11203,-40.64332,5.026755,3.225736,-8.884891,-0.1557664
Right,3,40.4216,22.27387,-41.46012,5.073465,3.382346,-9.174148,-0.4224361
Right,3,40.44291,22.35204,-41.90145,5.116037,3.6483,-9.20605,-0.5716401
Right,3,40.47588,22.45774,-42.7897,5.148259,4.188205,-9.171362,-0.8802673
Right,3,40.50695,22.52858,-43.60705,5.195652,4.728494,-9.142949,-1.282679
Right,3,40.5318,22.51455,-44.44607,5.257808,4.584625,-9.89992,-1.02641
Right,3,40.56438,22.44518,-45.25132,5.307291,4.952465,-9.981544,-1.320269
Right,3,40.5885,22.35086,-46.04134,5.282979,5.260789,-10.18876,-1.412085
Right,3,40.60931,22.27796,-46.47121,5.260379,5.340454,-10.30089,-1.616526
Right,3,40.64264,22.16522,-47.39822,5.05753,5.071496,-11.21206,-1.323378
Right,3,40.6757,22.05034,-48.38335,4.81662,4.586377,-12.29456,-0.8706562
Right,3,40.69963,21.99127,-49.35209,4.502456,4.259517,-13.14133,-0.5901666
Right,3,40.73164,21.98423,-50.37744,4.227812,3.997627,-13.86836,-0.4000739
Right,3,40.7649,22.04768,-51.40459,3.934028,3.840073,-14.47991,-0.2900664
Right,3,40.79757,22.13463,-52.46156,3.731086,3.478009,-14.91477,-0.3743001
Right,3,40.83143,22.19008,-53.49554,3.655377,3.221546,-15.26437,-0.4374548
Right,3,40.85561,22.16758,-54.43526,3.734653,3.523812,-15.42321,-0.6214961
Right,3,40.8878,22.19667,-55.17173,3.904499,3.549224,-15.87325,-0.4988932
Right,3,40.92034,22.11483,-55.83314,4.217376,3.479303,-16.25977,-0.3916712
Right,3,40.94369,21.99993,-56.41706,4.632781,3.406743,-16.58627,-0.3171355
Right,3,40.96473,21.96387,-56.71585,4.841529,3.382693,-16.73311,-0.2927522
Right,3,40.99832,21.89423,-57.29533,5.204959,3.310324,-17.02634,-0.2646699
Right,3,41.03119,21.83565,-57.86612,5.43336,3.232042,-17.31764,-0.2556444
Right,3,41.05563,21.82291,-58.40213,5.626189,3.25209,-17.30302,-0.3533245
Right,3,41.07594,21.79842,-58.68268,5.710383,3.189482,-17.44761,-0.3571801
Right,3,41.09977,21.74591,-59.20326,5.975008,2.924694,-17.73686,-0.3763854
Right,3,41.12021,21.70065,-59.45005,6.234827,2.683142,-17.86361,-0.4010509
Right,3,41.15358,21.59894,-59.92164,6.741801,2.279073,-18.16737,-0.614212
Right,3,41.17741,21.51296,-60.35913,7.162098,1.974768,-18.35725,-0.6705639
Right,3,41.19876,21.48543,-60.57903,7.193338,1.955347,-18.54428,-0.7745547
Right,3,41.2311,21.46662,-60.99852,7.097935,2.165279,-18.79089,-1.195995
Up,1,59.24128,25.49201,-3.564802,-0.9121451,-3.611024,1.572217,2.924359
Up,1,59.27433,25.4697,-3.596136,-0.9431533,-3.606358,1.561851,2.913898
Up,1,59.29818,25.45654,-3.576974,-0.9223848,-3.589651,1.548892,2.901105
Up,1,59.31885,25.43949,-3.594067,-0.9387863,-3.581952,1.539768,2.896311
Up,1,59.34296,25.45952,-3.564692,-0.9110718,-3.549665,1.525852,2.890966
Up,1,59.36363,25.46743,-3.549389,-0.8928481,-3.551485,1.516461,2.890628
Up,1,59.39695,25.49401,-3.529974,-0.8711056,-3.561395,1.500244,2.893065
Up,1,59.42049,25.50361,-3.514576,-0.8511084,-3.569741,1.49056,2.89604
Up,1,59.4412,25.50843,-3.508387,-0.8446465,-3.575606,1.487011,2.897459
Up,1,59.47411,25.5134,-3.498775,-0.8364988,-3.583537,1.477638,2.900431
Up,1,59.49896,25.51524,-3.491605,-0.8315719,-3.588178,1.471799,2.902994
Up,1,59.53742,25.52152,-3.487846,-0.8266156,-3.614113,1.470868,2.905421
Up,1,59.56442,25.52309,-3.483408,-0.8254311,-3.620338,1.465136,2.911814
Up,1,59.59969,25.52586,-3.480484,-0.82377,-3.654788,1.472862,2.902994
Up,1,59.62326,25.50483,-3.493343,-0.8336869,-3.685731,1.477638,2.907778
Up,1,59.654,25.48586,-3.487846,-0.8254311,-3.736855,1.488326,2.921881
Up,1,59.67467,25.46524,-3.493007,-0.8294513,-3.759371,1.488983,2.931646
Up,1,59.70873,25.46185,-3.480428,-0.8175707,-3.790391,1.487537,2.958235
Up,1,59.74179,25.47592,-3.467014,-0.8076981,-3.813413,1.488063,2.974733
Up,1,59.76552,25.49058,-3.457117,-0.8033255,-3.833132,1.485299,2.964515
Up,1,59.78604,25.4945,-3.453717,-0.8021067,-3.839512,1.487932,2.957706
Up,1,59.81427,25.49438,-3.439801,-0.7996635,-3.855594,1.505322,2.949288
Up,1,59.84937,25.49124,-3.394653,-0.8067285,-3.86579,1.558716,2.937116
Up,1,59.87672,25.49366,-3.337595,-0.8158936,-3.81331,1.705021,2.941512
Up,1,59.89761,25.52973,-3.296219,-0.8529457,-3.772111,1.794714,2.945702
Up,1,59.9312,25.58322,-3.229618,-0.8924097,-3.706814,1.958048,2.950151
Up,1,59.96427,25.57625,-3.165268,-0.9198356,-3.659821,2.099563,2.949222
Up,1,59.99703,25.48678,-3.11112,-0.9493572,-3.622663,2.215318,2.957507
Up,1,60.03019,25.34851,-2.929642,-0.9985801,-3.606032,2.303928,2.966891
Up,1,60.0548,25.24328,-2.713465,-1.086245,-3.603316,2.372566,2.963921
Up,1,60.08665,25.201,-2.486639,-1.162979,-3.601686,2.429466,2.953467
Up,1,60.11867,25.32057,-2.236597,-1.254138,-3.602718,2.467914,2.946433
Up,1,60.14281,25.47684,-2.02671,-1.332808,-3.609288,2.485458,2.934049
Up,1,60.16354,25.57617,-1.938156,-1.367163,-3.614113,2.486325,2.928774
Up,1,60.19661,25.70311,-1.78597,-1.398718,-3.623852,2.478203,2.922015
Up,1,60.2203,25.82255,-1.706971,-1.41596,-3.620446,2.464263,2.932314
Up,1,60.24166,25.91941,-1.717144,-1.421752,-3.622609,2.451202,2.93685
Up,1,60.27422,26.10474,-1.752788,-1.416789,-3.624014,2.424466,2.942244
Up,1,60.29856,26.23628,-1.848221,-1.423953,-3.615196,2.402244,2.953202
Up,1,60.31858,26.32135,-1.909469,-1.417893,-3.613463,2.393592,2.957441
Up,1,60.3528,26.44868,-1.957847,-1.372876,-3.608203,2.377593,2.96326
Up,1,60.38626,26.67459,-1.99125,-1.409172,-3.58976,2.359745,2.970584
Up,1,60.41936,26.99878,-2.071788,-1.432994,-3.574784,2.348437,2.979007
Up,1,60.45217,27.36888,-2.178705,-1.496718,-3.561834,2.348187,2.981043
Up,1,60.47693,27.75127,-2.176188,-1.565231,-3.549003,2.354098,2.97743
Up,1,60.50334,27.9258,-2.156765,-1.609003,-3.542377,2.355926,2.979795
Up,1,60.5314,28.25432,-2.063743,-1.706283,-3.556553,2.328349,2.967485
Up,1,60.55253,28.37914,-1.998314,-1.746637,-3.567657,2.309612,2.959955
Up,1,60.58627,28.4995,-1.853719,-1.779823,-3.56079,2.283534,2.948425
Up,1,60.61934,28.55897,-1.745292,-1.787065,-3.511455,2.270296,2.943508
Up,1,60.65962,28.67442,-1.660597,-1.793187,-3.483746,2.263821,2.945968
Up,1,60.68641,28.89561,-1.597284,-1.822845,-3.475868,2.275033,2.960286
Up,1,60.71912,29.14096,-1.508569,-1.843556,-3.483465,2.293881,2.976772
Up,1,60.7529,29.40911,-1.458442,-1.884606,-3.499838,2.315198,2.99441
Up,1,60.78662,29.79853,-1.41347,-1.914995,-3.508499,2.342513,3.014543
Up,1,60.81974,30.14686,-1.401513,-1.962041,-3.516414,2.36306,3.028925
Up,1,60.84406,30.60631,-1.322046,-1.98948,-3.532746,2.385401,3.049023
Up,1,60.87646,31.25124,-1.26114,-2.014311,-3.546465,2.404036,3.065224
Up,1,60.89761,31.56136,-1.224293,-2.050041,-3.550051,2.412894,3.073961
Up,1,60.93059,32.19645,-1.169188,-2.178346,-3.557709,2.427371,3.091425
Up,1,60.97046,32.97992,-1.045863,-2.283962,-3.567876,2.443525,3.108098
Up,1,60.99838,33.84646,-0.9297802,-2.414759,-3.581077,2.462118,3.125497
Up,1,61.01933,34.2801,-0.8871316,-2.469975,-3.590578,2.469896,3.134691
Up,1,61.05296,35.07843,-0.7932757,-2.563688,-3.607661,2.478598,3.151632
Up,1,61.08866,35.75784,-0.7330202,-2.626219,-3.625418,2.483253,3.161617
Up,1,61.12785,36.40852,-0.7238871,-2.755201,-3.631732,2.493557,3.168297
Up,1,61.15397,37.16317,-0.6664661,-2.82757,-3.626282,2.509284,3.164773
Up,1,61.17434,37.58178,-0.6214961,-2.853276,-3.630923,2.515906,3.167185
Up,1,61.20802,38.4488,-0.5661368,-2.928974,-3.630114,2.522821,3.1834
Up,1,61.24191,39.41813,-0.4996771,-3.030605,-3.634912,2.521501,3.212357
Up,1,61.27478,40.4272,-0.453703,-3.129252,-3.671679,2.528633,3.258826
Up,1,61.3081,41.4241,-0.4837596,-3.265487,-3.70581,2.53505,3.318653
Up,1,61.34164,42.35882,-0.5730078,-3.382288,-3.742614,2.524062,3.374522
Up,1,61.37505,43.28991,-0.6664661,-3.449974,-3.794212,2.503271,3.41879
Up,1,61.40833,44.29714,-0.7375443,-3.529919,-3.852343,2.480098,3.475136
Up,1,61.44267,45.28246,-0.8211529,-3.637712,-3.92795,2.453357,3.546244
Up,1,61.47071,45.82634,-0.8908735,-3.693584,-3.968324,2.440559,3.588397
Up,1,61.49816,46.87056,-0.997992,-3.805806,-4.044816,2.424143,3.68658
Up,1,61.53069,47.78332,-1.062016,-3.908659,-4.111565,2.408022,3.773045
Up,1,61.56413,48.83551,-1.112411,-4.022484,-4.180389,2.399636,3.855747
Up,1,61.59713,49.78232,-1.152839,-4.119939,-4.213613,2.434215,3.88489
Up,1,61.63128,50.64151,-1.172865,-4.218862,-4.234385,2.490886,3.87156
Up,1,61.66429,51.55722,-1.155044,-4.309572,-4.250588,2.541296,3.873026
Up,1,61.69757,52.43381,-1.124484,-4.39543,-4.254733,2.581643,3.910262
Up,1,61.7308,53.22979,-1.110475,-4.49209,-4.287611,2.587399,3.999586
Up,1,61.76448,54.11823,-1.063673,-4.608065,-4.35712,2.606243,4.108181
Up,1,61.79756,55.00687,-0.9948499,-4.710438,-4.459663,2.641306,4.232118
Up,1,61.83073,55.84982,-0.9117159,-4.801222,-4.560594,2.678177,4.337973
Up,1,61.86408,56.77718,-0.7835966,-4.870897,-4.655725,2.740812,4.434072
Up,1,61.88767,57.43686,-0.7195491,-4.965424,-4.729695,2.82272,4.528094
Up,1,61.90871,57.8222,-0.6921035,-5.01114,-4.761397,2.865735,4.571661
Up,1,61.95602,58.48472,-0.6419396,-5.095238,-4.818857,2.938183,4.646122
Up,1,61.97779,58.88351,-0.6318005,-5.127208,-4.833835,2.99539,4.660478
Up,1,62.00998,59.56372,-0.6376578,-5.146622,-4.870977,3.094843,4.720947
Up,1,62.03422,60.28732,-0.6394964,-5.115616,-4.890845,3.176381,4.758105
Up,1,62.05512,60.48228,-0.667053,-5.106914,-4.938798,3.240571,4.813854
Up,1,62.07999,60.77019,-0.7478197,-5.110558,-5.024415,3.347143,4.910474
Up,1,62.10592,60.96483,-0.8149337,-5.12239,-5.090698,3.410075,4.981142
Up,1,62.14476,61.20937,-0.9974037,-5.146165,-5.154611,3.454171,5.04869
Up,1,62.16961,61.59594,-1.193374,-5.218493,-5.210414,3.449236,5.112091
Up,1,62.20277,61.67088,-1.425738,-5.272509,-5.252327,3.455248,5.155903
Up,2,64.7757,24.7784,-1.36487,-2.561244,-3.237429,2.202471,3.021354
Up,2,64.80869,24.79934,-1.421202,-2.516762,-3.223247,2.19437,3.019669
Up,2,64.84192,24.83102,-1.452122,-2.485065,-3.165948,2.110071,2.999961
Up,2,64.87563,24.8712,-1.464868,-2.465851,-3.071477,2.170605,2.864164
Up,2,64.89778,24.88853,-1.447668,-2.451123,-3.035833,2.21072,2.794984
Up,2,64.93171,24.92308,-1.418031,-2.430191,-3.03422,2.174119,2.776433
Up,2,64.95262,24.94147,-1.414024,-2.429386,-3.043368,2.157129,2.773964
Up,2,64.98318,24.96398,-1.383667,-2.416542,-3.053963,2.125596,2.76704
Up,2,65.00871,24.99851,-1.380977,-2.429144,-3.055693,2.088722,2.771352
Up,2,65.03222,25.0249,-1.377288,-2.431077,-3.057487,2.067154,2.764421
Up,2,65.05232,25.04924,-1.381544,-2.434778,-3.058895,2.054142,2.770999
Up,2,65.07608,25.10779,-1.387762,-2.443845,-3.059599,2.027675,2.789515
Up,2,65.09662,25.13958,-1.391142,-2.448486,-3.060622,2.015574,2.793302
Up,2,65.12159,25.19163,-1.390157,-2.448406,-3.062413,1.996746,2.795334
Up,2,65.1481,25.21392,-1.38889,-2.446727,-3.06171,1.990758,2.795264
Up,2,65.1759,25.24104,-1.368593,-2.443284,-3.055693,1.985245,2.792391
Up,2,65.20808,25.24736,-1.357539,-2.454554,-3.049794,1.981495,2.789235
Up,2,65.23164,25.23582,-1.377004,-2.46593,-3.046968,1.980112,2.789586
Up,2,65.25294,25.24734,-1.389453,-2.464184,-3.04639,1.979223,2.790989
Up,2,65.28579,25.34412,-1.400815,-2.455271,-3.046775,1.974768,2.795754
Up,2,65.31942,25.6821,-1.437086,-2.480413,-3.050371,1.977244,2.802607
Up,2,65.34298,26.08839,-1.454008,-2.516062,-3.05627,1.980211,2.811672
Up,2,65.36365,26.26767,-1.440893,-2.522743,-3.061773,1.980903,2.817723
Up,2,65.38743,26.68759,-1.423678,-2.542682,-3.074789,1.981594,2.829301
Up,2,65.40865,26.94381,-1.425464,-2.556348,-3.082864,1.982088,2.834347
Up,2,65.4416,27.31534,-1.514266,-2.638934,-3.106838,1.987807,2.851286
Up,2,65.47469,27.80028,-1.524954,-2.648485,-3.131441,1.991544,2.870308
Up,2,65.49803,28.19231,-1.551795,-2.663005,-3.153308,1.991839,2.890221
Up,2,65.53057,28.64339,-1.581401,-2.681391,-3.170212,1.997824,2.904612
Up,2,65.5639,29.11296,-1.54573,-2.648633,-3.20204,2.006621,2.914972
Up,2,65.58777,29.61368,-1.535186,-2.64101,-3.227132,2.016739,2.916382
Up,2,65.6082,29.89401,-1.519812,-2.644565,-3.244677,2.014992,2.926032
Up,2,65.64165,30.47537,-1.476313,-2.658664,-3.272554,2.014117,2.945369
Up,2,65.67468,31.0168,-1.486748,-2.725988,-3.278591,2.012659,2.959889
Up,2,65.69872,31.53155,-1.505062,-2.781575,-3.314167,2.022263,2.977166
Up,2,65.7198,31.83196,-1.512843,-2.808607,-3.338768,2.028351,2.995325
Up,2,65.74437,32.43961,-1.50298,-2.83483,-3.381999,2.044305,3.033575
Up,2,65.78265,32.98758,-1.554441,-2.909259,-3.420565,2.051568,3.068735
Up,2,65.80868,33.73846,-1.505972,-2.920675,-3.478121,2.048609,3.121423
Up,2,65.83224,34.47474,-1.447262,-2.927236,-3.529253,2.042581,3.165144
Up,2,65.85297,34.89552,-1.432448,-2.942111,-3.551705,2.038841,3.183953
Up,2,65.87846,35.76168,-1.431628,-2.999701,-3.591233,2.030087,3.216559
Up,2,65.90948,36.77446,-1.395777,-3.061006,-3.625581,2.023424,3.247391
Up,2,65.93248,37.25924,-1.388185,-3.112189,-3.641155,2.017806,3.262368
Up,2,65.95981,37.75395,-1.374443,-3.141615,-3.657466,2.011492,3.276022
Up,2,65.98729,38.72898,-1.333102,-3.125058,-3.69385,2.001445,3.308254
Up,2,66.0085,39.17128,-1.320714,-3.144418,-3.709613,1.990758,3.319951
Up,2,66.04199,39.92675,-1.301159,-3.1794,-3.748731,1.976254,3.361268
Up,2,66.07478,40.50131,-1.269029,-3.198921,-3.774809,1.953945,3.382288
Up,2,66.10551,40.93941,-1.252264,-3.242383,-3.798287,1.94491,3.40973
Up,2,66.14178,41.46254,-1.138836,-3.333134,-3.81998,1.949031,3.447817
Up,2,66.1656,42.0322,-0.9981881,-3.427198,-3.835379,1.941889,3.475136
Up,2,66.186,42.31411,-0.9501812,-3.520365,-3.844609,1.934922,3.490315
Up,2,66.21885,43.02006,-0.8506485,-3.669438,-3.86817,1.913973,3.525312
Up,2,66.24256,43.89754,-0.7378095,-3.749984,-3.89727,1.879303,3.564088
Up,2,66.27491,44.89082,-0.64589,-3.86817,-3.932036,1.83419,3.624717
Up,2,66.29838,46.07143,-0.5848376,-3.976557,-3.971284,1.781581,3.697082
Up,2,66.31935,46.768,-0.5556712,-4.045156,-3.99405,1.757471,3.736331
Up,2,66.34329,48.03079,-0.513962,-4.217934,-4.033472,1.723628,3.802254
Up,2,66.36379,48.627,-0.5267473,-4.303569,-4.052701,1.706971,3.833285
Up,2,66.38765,49.76054,-0.5524929,-4.452499,-4.087297,1.679929,3.885948
Up,2,66.4087,50.2474,-0.5967609,-4.523939,-4.092325,1.714293,3.888316
Up,2,66.4418,51.12679,-0.6827098,-4.628974,-4.088111,1.814236,3.863357
Up,2,66.46535,51.8202,-0.7808449,-4.711977,-4.104033,1.844617,3.895561
Up,2,66.48619,52.2147,-0.8294513,-4.730854,-4.126494,1.82949,3.939201
Up,2,66.5098,53.15341,-0.8941622,-4.75073,-4.19582,1.77012,4.047624
Up,2,66.5311,53.61515,-0.9251386,-4.766661,-4.2311,1.745404,4.095625
Up,2,66.56399,54.39835,-0.9926839,-4.783604,-4.298195,1.715091,4.185258
Up,2,66.5977,55.07374,-1.041175,-4.820076,-4.360804,1.692695,4.265123
Up,2,66.6214,55.7102,-1.000733,-4.85018,-4.410688,1.681094,4.323999
Up,2,66.64201,56.01772,-0.9699516,-4.867034,-4.435265,1.687716,4.352847
Up,2,66.66611,56.68159,-0.8904341,-4.918646,-4.475753,1.724877,4.401085
Up,2,66.68626,56.878,-0.8726766,-4.946013,-4.497363,1.755912,4.425938
Up,2,66.71993,57.46308,-0.8225815,-4.992104,-4.540664,1.840156,4.468088
Up,2,66.75275,58.20484,-0.758472,-5.06117,-4.56849,1.910084,4.482225
Up,2,66.77681,58.94153,-0.7386047,-5.167974,-4.585437,1.935832,4.470192
Up,2,66.79756,59.24758,-0.7519946,-5.219657,-4.59184,1.937752,4.457291
Up,2,66.83061,59.74911,-0.798684,-5.321929,-4.618934,1.921016,4.438267
Up,2,66.855,60.2122,-0.8311011,-5.388453,-4.691227,1.888859,4.444221
Up,2,66.8754,60.34668,-0.8604831,-5.41508,-4.75242,1.866869,4.455006
Up,2,66.90897,60.81116,-0.9642863,-5.463501,-4.901129,1.732913,4.58065
Up,3,69.90827,25.00099,-1.403885,-2.768949,-2.908989,2.096765,2.747446
Up,3,69.94053,25.08051,-1.447938,-2.774881,-2.866828,2.071221,2.700232
Up,3,69.97357,25.18009,-1.484508,-2.777349,-2.849981,2.04985,2.683944
Up,3,69.99773,25.29346,-1.514783,-2.787831,-2.820639,2.031243,2.649962
Up,3,70.01807,25.32135,-1.51904,-2.793512,-2.872899,1.942493,2.748799
Up,3,70.04243,25.42434,-1.521743,-2.808886,-2.843449,1.934619,2.706531
Up,3,70.07494,25.54428,-1.524441,-2.826601,-2.847163,1.946519,2.697693
Up,3,70.0953,25.60245,-1.531741,-2.823899,-2.890696,1.896201,2.762367
Up,3,70.12905,25.68669,-1.539641,-2.829577,-2.9817,1.798745,2.886969
Up,3,70.15311,25.74119,-1.54421,-2.836763,-3.050179,1.725784,2.974074
Up,3,70.18534,25.80557,-1.54383,-2.847713,-3.102866,1.680977,3.030153
Up,3,70.21788,25.86808,-1.538115,-2.853688,-3.126185,1.675614,3.04073
Up,3,70.25148,25.89869,-1.533783,-2.849638,-3.122677,1.727484,3.010189
Up,3,70.28426,25.92984,-1.509088,-2.847095,-3.107657,1.835897,2.947628
Up,3,70.31736,25.94782,-1.493052,-2.841451,-3.104884,1.912132,2.903062
Up,3,70.34188,25.96208,-1.506362,-2.843173,-3.094463,1.938863,2.857389
Up,3,70.36235,25.96606,-1.513878,-2.843104,-3.112001,1.884087,2.893809
Up,3,70.39582,25.97935,-1.528671,-2.843862,-3.144231,1.800159,2.95466
Up,3,70.43558,25.99573,-1.539895,-2.846682,-3.141989,1.854247,2.929375
Up,3,70.46423,26.01946,-1.518009,-2.839315,-3.138311,1.9152,2.896108
Up,3,70.4847,26.03854,-1.518138,-2.840211,-3.154674,1.890516,2.938449
Up,3,70.50923,26.07718,-1.498155,-2.840073,-3.227678,1.75502,3.10438
Up,3,70.54187,26.12607,-1.485694,-2.846751,-3.155667,1.806019,3.010644
Up,3,70.56239,26.15167,-1.4714,-2.839935,-3.141054,1.844511,2.980846
Up,3,70.59647,26.17951,-1.434496,-2.841313,-3.119917,1.890412,2.935983
Up,3,70.62938,26.27857,-1.411669,-2.855196,-3.11395,1.907418,2.913696
Up,3,70.65301,26.3682,-1.413054,-2.850737,-3.107657,1.91121,2.896784
Up,3,70.67399,26.46831,-1.415683,-2.85595,-3.107846,1.912132,2.891711
Up,3,70.70767,26.86114,-1.429987,-2.879568,-3.117846,1.921627,2.893335
Up,3,70.74689,27.26301,-1.464868,-2.934983,-3.12487,1.911108,2.897324
Up,3,70.77528,27.65731,-1.413054,-2.945037,-3.192427,1.830987,3.026727
Up,3,70.79584,27.93773,-1.416651,-2.962467,-3.202774,1.853825,3.032219
Up,3,70.81955,28.47417,-1.406113,-3.004004,-3.201307,1.882944,3.015517
Up,3,70.85187,28.9091,-1.380126,-3.041245,-3.217228,1.928337,3.011879
Up,3,70.87683,29.38869,-1.38903,-3.085403,-3.285331,1.826706,3.128314
Up,3,70.90243,29.70819,-1.395216,-3.095665,-3.318299,1.773103,3.177799
Up,3,70.9314,30.27375,-1.402629,-3.118285,-3.378813,1.694197,3.261648
Up,3,70.95208,30.50001,-1.422303,-3.148524,-3.405881,1.663658,3.291821
Up,3,70.9857,31.07829,-1.483321,-3.219844,-3.42577,1.674796,3.307366
Up,3,71.02074,31.78029,-1.502459,-3.283722,-3.559855,1.53059,3.485881
Up,3,71.04095,32.18578,-1.51517,-3.316115,-3.587141,1.500374,3.517806
Up,3,71.07383,32.97232,-1.543576,-3.379334,-3.754681,1.351471,3.705441
Up,3,71.10739,33.67309,-1.580906,-3.43513,-3.719312,1.422578,3.66212
Up,3,71.14047,34.38915,-1.615194,-3.488968,-3.596572,1.620516,3.489586
Up,3,71.16477,35.16285,-1.629068,-3.544642,-3.55925,1.77244,3.377654
Up,3,71.18529,35.60544,-1.648414,-3.599565,-3.557489,1.822631,3.338709
Up,3,71.22507,36.42211,-1.667653,-3.691517,-3.56837,1.881904,3.28825
Up,3,71.25351,37.40507,-1.644253,-3.750559,-3.590087,1.907007,3.264168
Up,3,71.27402,37.91526,-1.635063,-3.774498,-3.602501,1.914382,3.256662
Up,3,71.29819,38.88055,-1.636021,-3.839971,-3.626337,1.917651,3.250043
Up,3,71.31833,39.3659,-1.660007,-3.905702,-3.637981,1.915915,3.251428
Up,3,71.34296,40.30586,-1.695698,-3.997431,-3.662228,1.915813,3.259606
Up,3,71.36324,40.76512,-1.730766,-4.069145,-3.675729,1.913257,3.267285
Up,3,71.39661,41.73624,-1.765914,-4.178186,-3.702321,1.908649,3.285093
Up,3,71.4207,42.71317,-1.779273,-4.277366,-3.731769,1.905467,3.304879
Up,3,71.44115,43.23122,-1.79275,-4.328436,-3.746379,1.897645,3.316233
Up,3,71.47404,44.16233,-1.830025,-4.40331,-3.77237,1.892792,3.33824
Up,3,71.49807,45.07328,-1.868441,-4.488732,-3.787807,1.899913,3.354155
Up,3,71.51926,45.54063,-1.916528,-4.558918,-3.798029,1.896614,3.366506
Up,3,71.55214,46.51736,-1.961642,-4.667911,-3.814235,1.871371,3.395172
Up,3,71.5759,47.48155,-1.978036,-4.741815,-3.830986,1.844193,3.43399
Up,3,71.608,48.25568,-2.041047,-4.843349,-3.861532,1.83451,3.475812
Up,3,71.63227,48.94744,-2.141923,-4.961792,-3.888366,1.830238,3.524201
Up,3,71.66438,49.84066,-2.170154,-5.008403,-3.919066,1.828099,3.586268
Up,3,71.70296,50.72309,-2.206909,-5.11485,-3.953591,1.821234,3.634965
Up,3,71.73165,51.6903,-2.276323,-5.21049,-4.003599,1.815854,3.701052
Up,3,71.75253,52.26057,-2.296525,-5.228959,-4.027447,1.81456,3.730456
Up,3,71.78578,53.18518,-2.390319,-5.257547,-4.078712,1.810457,3.77989
Up,3,71.80977,54.13678,-2.48955,-5.325352,-4.197733,1.625701,4.016248
Up,3,71.83038,54.55358,-2.54476,-5.364068,-4.218815,1.621965,4.050333
Up,3,71.86398,55.49964,-2.630911,-5.482478,-4.242979,1.677481,4.06722
Up,3,71.88754,56.56067,-2.641528,-5.56648,-4.297876,1.793078,4.084565
Up,3,71.90822,57.05518,-2.660725,-5.616078,-4.334495,1.854774,4.099592
Up,3,71.93233,57.68407,-2.738168,-5.680099,-4.4046,1.953544,4.127301
Up,3,71.95245,58.12645,-2.740455,-5.732547,-4.437826,1.996354,4.138531
Up,3,71.97695,58.77518,-2.756266,-5.831631,-4.491131,2.056618,4.150392
Up,3,71.99717,59.00616,-2.759673,-5.877599,-4.514751,2.085628,4.154354
Up,3,72.03048,59.40302,-2.758041,-5.940956,-4.555737,2.133041,4.155391
Up,3,72.06213,59.74889,-2.734448,-5.98504,-4.593461,2.197222,4.155626
Up,3,72.08842,60.21166,-2.660284,-6.044389,-4.643719,2.288072,4.159442
Up,3,72.10921,60.44569,-2.612544,-6.067405,-4.67374,2.332633,4.161654
Up,3,72.14233,61.06142,-2.483568,-6.064723,-4.736524,2.42083,4.167109
Left,1,89.80341,26.16311,-1.49933,-1.143123,-3.208088,1.045488,2.822651
Left,1,89.83186,26.17701,-1.509606,-1.144321,-3.191323,1.081189,2.816958
Left,1,89.85297,26.17933,-1.507271,-1.142438,-3.183769,1.097179,2.815012
Left,1,89.88616,26.18318,-1.501417,-1.139866,-3.177922,1.121347,2.813482
Left,1,89.91941,26.20471,-1.501547,-1.137804,-3.17749,1.145176,2.808607
Left,1,89.95977,26.23097,-1.501938,-1.134704,-3.170644,1.146371,2.805678
Left,1,89.98843,26.26451,-1.507141,-1.128652,-3.159449,1.128306,2.796804
Left,1,90.00865,26.27838,-1.510643,-1.126222,-3.155977,1.116625,2.792181
Left,1,90.04188,26.30282,-1.515687,-1.123613,-3.129315,1.072467,2.794703
Left,1,90.07658,26.32716,-1.516074,-1.120299,-3.112378,1.032682,2.804143
Left,1,90.0966,26.34739,-1.530846,-1.125527,-3.132191,1.008718,2.818279
Left,1,90.13045,26.3825,-1.5557,-1.133669,-3.129878,0.978988,2.824592
Left,1,90.16329,26.40964,-1.564105,-1.137288,-3.122927,0.9567486,2.82279
Left,1,90.18727,26.42587,-1.56448,-1.140553,-3.148462,0.9320924,2.838763
Left,1,90.20821,26.42565,-1.556329,-1.138836,-3.172805,0.9140738,2.847095
Left,1,90.24155,26.43913,-1.567979,-1.144492,-3.208759,0.8816,2.861771
Left,1,90.28146,26.46171,-1.551921,-1.141067,-3.227799,0.8659236,2.881063
Left,1,90.3106,26.49033,-1.50298,-1.128826,-3.225797,0.8681804,2.908989
Left,1,90.33137,26.50094,-1.478564,-1.130212,-3.226647,0.8672784,2.917255
Left,1,90.36414,26.44177,-1.419686,-1.148588,-3.225554,0.8681804,2.929909
Left,1,90.39694,26.40281,-1.365874,-1.206096,-3.258105,0.7372789,3.056654
Left,1,90.4376,26.40992,-1.282527,-1.278554,-3.46707,0.3642322,3.405766
Left,1,90.4655,26.49907,-1.189761,-1.372448,3.728146,0.06852804,3.673545
Left,1,90.4862,26.51182,-1.132115,-1.405556,3.832467,-0.03426402,3.762651
Left,1,90.50989,26.51263,-1.005804,-1.476313,3.982412,-0.1735894,3.881006
Left,1,90.53113,26.46857,-0.9155711,-1.523799,4.031869,-0.2046302,3.919316
Left,1,90.56618,26.46204,-0.7276617,-1.633866,4.101025,-0.2264194,3.972368
Left,1,90.5927,26.46266,-0.6032831,-1.68435,4.123456,-0.2139789,3.990076
Left,1,90.62028,26.39933,-0.3454843,-1.86141,4.158123,-0.1570175,4.016735
Left,1,90.65285,26.35527,0.02797646,-2.038169,4.177717,-0.08392937,4.032063
Left,1,90.68654,26.33062,0.5059038,-2.237209,3.749462,0.4154301,3.692736
Left,1,90.71961,26.31256,1.084623,-2.50866,-3.439174,0.9542912,3.365634
Left,1,90.75246,26.25599,1.696967,-2.82667,-3.322427,1.348282,3.158333
Left,1,90.7771,26.13279,2.327088,-3.1507,-3.277575,1.619913,3.022844
Left,1,90.79713,26.03805,2.676349,-3.332488,-3.263328,1.730427,2.971177
Left,1,90.83056,25.89345,3.386453,-3.705176,-3.279307,1.767797,3.032865
Left,1,90.86422,25.75983,4.129957,-4.109326,-3.272494,1.929351,2.996632
Left,1,90.90367,25.67318,4.908838,-4.508412,-3.24944,2.162475,2.895838
Left,1,90.9333,25.62616,5.763814,-4.923741,-3.243168,2.346103,2.84682
Left,1,90.95358,25.60421,6.227213,-5.138088,-3.239182,2.426,2.830961
Left,1,90.97734,25.69717,7.081416,-5.557142,-3.220087,2.56216,2.793512
Left,1,90.99806,25.77993,7.512694,-5.765854,-3.246125,2.663445,2.776574
Left,1,91.0309,25.96436,8.408939,-6.159979,-3.277934,2.863617,2.751504
Left,1,91.06409,26.19135,9.331804,-6.491718,-3.308076,2.983407,2.865598
Left,1,91.08807,26.38077,10.20143,-6.787205,-3.366041,3.346441,2.805958
Left,1,91.10839,26.43613,10.64411,-6.96534,-3.387147,3.516804,2.769939
Left,1,91.13283,26.52892,11.53505,-7.241777,-3.363714,3.781857,2.792391
Left,1,91.15316,26.60846,12.05799,-7.378286,-3.379914,3.921613,2.801978
Left,1,91.18636,26.7053,13.13986,-7.720928,-3.4357,4.243902,2.820431
Left,1,91.21924,26.91666,14.36282,-8.159138,-3.442702,4.54364,2.803585
Left,1,91.25286,27.28414,15.73505,-8.650607,-3.475812,4.818816,2.810349
Left,1,91.28642,27.7746,17.23455,-9.166046,-3.456664,5.096276,2.810071
Left,1,91.31974,28.3559,18.80693,-9.673554,-3.503026,5.424697,2.818417
Left,1,91.35303,29.06975,20.46001,-10.10684,-3.489922,5.735794,2.804003
Left,1,91.38639,29.77106,22.07225,-10.44853,-3.504925,6.08618,2.797854
Left,1,91.41965,30.36379,23.6127,-10.74488,-3.508722,6.432456,2.807353
Left,1,91.45343,30.81111,25.1416,-10.99329,-3.532303,6.822829,2.803236
Left,1,91.48606,31.1915,26.61882,-11.13829,-3.564802,7.251524,2.79183
Left,1,91.51039,31.51714,27.98538,-11.2568,-3.580476,7.634709,2.763146
Left,1,91.53715,31.71626,28.70114,-11.32342,-3.588833,7.831856,2.740026
Left,1,91.56572,32.15029,30.16509,-11.43527,-3.172311,8.440292,2.62771
Left,1,91.58643,32.3718,30.89236,-11.48727,-3.169039,8.659367,2.619054
Left,1,91.61954,32.80749,32.27239,-11.59542,-3.326196,9.028937,2.627039
Left,1,91.64362,33.21268,33.54591,-11.64786,-3.466393,9.421517,2.637079
Left,1,91.66434,33.38787,34.15615,-11.65935,-3.527366,9.618975,2.633365
Left,1,91.69715,33.70606,35.30598,-11.67332,-3.652269,10.03129,2.623087
Left,1,91.72169,33.9492,36.36932,-11.69902,-3.410189,10.5202,2.550292
Left,1,91.74277,34.07538,36.9155,-11.71665,-3.403235,10.6806,2.577242
Left,1,91.77527,34.29026,37.99991,-11.82332,-3.570016,11.06911,2.538753
Left,1,91.80907,34.48645,39.0723,-11.95866,-3.717206,11.35354,2.528091
Left,1,91.84869,34.69277,40.14397,-12.11738,-3.554681,11.87815,2.372071
Left,1,91.87724,34.88248,41.2464,-12.26141,-3.753481,12.31132,2.249162
Left,1,91.9097,35.03309,42.27148,-12.38496,-3.780148,12.37185,2.861702
Left,1,91.93076,35.07202,42.78018,-12.4902,-3.899781,12.66135,2.779251
Left,1,91.96406,35.13982,43.73518,-12.70185,-4.000761,13.06169,2.725557
Left,1,92.0043,35.21795,44.6473,-12.91789,-3.997431,13.36085,2.910133
Left,1,92.0324,35.34063,45.52393,-13.07743,-4.022582,13.49446,3.296634
Left,1,92.05331,35.43763,45.94526,-13.13523,-4.071407,13.56486,3.542542
Left,1,92.08722,35.6244,46.77604,-13.24601,-4.073571,13.95896,3.486274
Left,1,92.11949,35.79771,47.55107,-13.30652,-4.200905,14.1532,3.840532
Left,1,92.16262,35.97712,48.3164,-13.28305,-4.342396,14.39446,4.12165
Left,1,92.18472,36.05038,48.72646,-13.21884,-4.199879,14.76588,3.710563
Left,1,92.22155,36.21297,49.52438,-13.08429,-4.216168,15.1665,3.602664
Left,1,92.24617,36.3465,50.23749,-13.02637,-3.898777,15.63353,3.580093
Left,1,92.26997,36.45312,50.8672,-12.9853,-3.779008,15.8574,3.582061
Left,1,92.29423,36.52154,51.48845,-12.94935,-4.035316,15.91861,3.833387
Left,1,92.32797,36.58904,52.15787,-12.90775,-4.15176,16.07211,3.854681
Left,1,92.35148,36.65453,52.87613,-12.86677,-3.787704,16.36683,3.526811
Left,1,92.38493,36.69363,53.59319,-12.82503,-3.964868,16.33608,3.574839
Left,1,92.4183,36.70332,54.3698,-12.88093,-3.872571,16.31349,3.36319
Left,1,92.44241,36.61955,55.09645,-13.26113,-3.408811,16.76762,2.960616
Left,1,92.46353,36.5939,55.48468,-13.37104,-3.356547,16.8734,2.900701
Left,1,92.49667,36.50084,56.22931,-13.69797,-3.463058,16.95208,2.844275
Left,1,92.52053,36.40365,56.92483,-13.99524,-3.593631,17.05346,2.778336
Left,1,92.54197,36.39661,57.29254,-13.96748,-3.421767,17.20191,2.568265
Left,1,92.57494,36.30812,57.89841,-14.09499,-3.507383,17.41987,2.471718
Left,1,92.6081,36.25661,58.45735,-14.04116,-3.471754,17.71175,2.304862
Left,1,92.63921,36.21288,58.93692,-14.0057,-3.015582,18.37072,1.958647
Left,2,97.78643,24.9341,1.270724,-1.133324,3.149146,1.803742,0.826142
Left,2,97.81017,24.91152,1.247097,-1.091278,3.155294,1.822309,0.8374339
Left,2,97.83044,24.90668,1.232259,-1.076837,3.167926,1.822416,0.8430232
Left,2,97.85478,24.92712,1.202359,-1.073743,3.186596,1.820374,0.8504184
Left,2,97.87535,24.94079,1.176363,-1.079922,3.190587,1.821342,0.8534044
Left,2,97.90868,24.95836,1.135394,-1.085164,3.173483,1.83088,0.8506485
Left,2,97.94989,24.96255,1.109241,-1.084081,3.157341,1.838879,0.8504184
Left,2,97.97894,24.96174,1.090919,-1.076655,3.152439,1.837495,0.8527163
Left,2,98.01058,24.96237,1.081913,-1.064776,3.146036,1.838347,0.848345
Left,2,98.04407,24.94156,1.103226,-1.037409,3.147405,1.841538,0.8439512
Left,2,98.07806,24.94152,1.113115,-1.031355,3.149084,1.843556,0.840466
Left,2,98.11016,24.96185,1.10553,-1.043802,3.147094,1.852452,0.8355626
Left,2,98.13458,24.98951,1.07829,-1.067346,3.127375,1.864456,0.8270888
Left,2,98.15471,25,1.066612,-1.075746,3.119792,1.869907,0.8254311
Left,2,98.17957,25.01157,1.055362,-1.082094,3.081467,1.897439,0.8052719
Left,2,98.21342,25.03283,1.049038,-1.087146,2.715051,2.092748,0.6036074
Left,2,98.24901,25.0807,1.03967,-1.092353,2.350687,2.283362,0.4025119
Left,2,98.27612,25.11791,1.032493,-1.093427,2.287559,2.318578,0.3706227
Left,2,98.30778,25.11178,1.048665,-1.077745,2.591179,2.153587,0.5439265
Left,2,98.3287,25.07309,1.069726,-1.057769,2.723617,2.081589,0.6148488
Left,2,98.36275,25.01347,1.10429,-1.049038,2.419213,2.24123,0.5062904
Left,2,98.40288,24.97031,1.148929,-1.068079,1.920913,2.538753,0.3571801
Left,2,98.43204,24.90092,1.229874,-1.118901,1.44591,2.764138,0.1384764
Left,2,98.45307,24.85982,1.275182,-1.14261,1.262071,2.851629,0.02797646
Left,2,98.4863,24.80131,1.403048,-1.175198,1.007165,3.092818,-0.06852804
Left,2,98.51858,24.76995,1.550534,-1.21547,1.692117,3.040215,0.2525642
Left,2,98.54945,24.82764,1.726918,-1.261916,2.309443,3.012919,0.575053
Left,2,98.57585,24.946,1.921728,-1.347991,2.715844,3.147405,0.8402332
Left,2,98.5966,25.00991,2.045932,-1.403606,2.823483,3.241478,0.9293592
Left,2,98.62162,25.12242,2.284734,-1.505452,2.565596,3.605869,0.8437192
Left,2,98.64165,25.18293,2.418566,-1.57147,2.167808,3.920165,0.6537194
Left,2,98.67491,25.21721,2.759176,-1.719081,1.805477,4.360804,0.4909863
Left,2,98.71556,25.28655,3.158395,-1.88803,2.104312,4.469447,0.6838553
Left,2,98.74249,25.44733,3.629575,-2.103196,2.193031,4.731102,0.7671934
Left,2,98.77495,25.57091,4.132517,-2.322794,2.013631,5.106416,0.699975
Left,2,98.79902,25.648,4.641314,-2.54745,1.508569,5.615275,0.4722982
Left,2,98.81965,25.68391,4.902927,-2.669832,1.323082,5.834387,0.3911712
Left,2,98.85326,25.74562,5.409359,-2.933649,1.091457,6.165674,0.2940859
Left,2,98.8864,25.84826,5.901761,-3.169347,0.9559301,6.432547,0.2564087
Left,2,98.91929,25.89486,6.405605,-3.403638,0.8474219,6.68595,0.2454926
Left,2,98.94353,25.9078,6.855436,-3.596953,0.7903101,6.917868,0.2804634
Left,2,98.96429,26.00826,7.107933,-3.703115,0.7828471,7.030065,0.3189811
Left,2,98.99718,26.16611,7.585377,-3.903194,0.7820969,7.250793,0.4005627
Left,2,99.02811,26.2942,8.028959,-4.078183,1.608881,7.745141,0.3494264
Left,2,99.05368,26.40483,8.475932,-4.275122,1.528543,7.905345,0.5661368
Left,2,99.08642,26.58394,8.939405,-4.462868,1.437766,7.987556,0.7322189
Left,2,99.11976,26.70353,9.443981,-4.657787,1.35725,8.06436,0.7664279
Left,2,99.15337,26.98552,10.04955,-4.85684,1.331339,8.146566,0.7870849
Left,2,99.1927,27.24868,10.73709,-5.089235,1.222854,8.195656,0.7525149
Left,2,99.22092,27.44286,11.48724,-5.360231,1.099851,8.239548,0.7138155
Left,2,99.24227,27.58223,11.89547,-5.500571,1.031545,8.26206,0.6980155
Left,2,99.27539,27.8416,12.69666,-5.76684,0.9644893,8.318454,0.7281993
Left,2,99.30912,28.09861,13.53345,-6.028606,0.9080599,8.39943,0.760533
Left,2,99.34879,28.33515,14.38865,-6.318975,0.8364988,8.42378,0.7407211
Left,2,99.3769,28.55565,15.27456,-6.657673,0.9638805,8.413445,0.8641139
Left,2,99.39738,28.68458,15.74821,-6.826823,0.899834,8.471273,0.8318071
Left,2,99.42184,28.91172,16.59713,-7.142569,0.8175707,8.555635,0.776825
Left,2,99.44232,29.0403,17.03551,-7.307234,-0.7855918,8.589474,0.7449358
Left,2,99.47517,29.2558,17.84182,-7.604239,-0.7620752,8.625093,0.7044336
Left,2,99.50884,29.46979,18.71286,-7.897272,-0.7763211,8.657643,0.6872803
Left,2,99.5421,29.69689,19.64515,-8.17277,-0.829923,8.698407,0.6912548
Left,2,99.57528,29.93338,20.61421,-8.442664,-0.8991814,8.766183,0.7491269
Left,2,99.60038,30.15024,21.56555,-8.664061,-0.963068,8.835579,0.8232948
Left,2,99.6213,30.29831,22.06149,-8.785031,-0.9911057,8.879737,0.8545501
Left,2,99.66055,30.5696,23.02048,-9.012645,-1.161127,8.814766,1.115749
Left,2,99.68793,30.78062,24.01286,-9.265289,-1.256788,8.980235,1.216114
Left,2,99.70905,30.87201,24.49864,-9.391428,-1.27993,9.077618,1.236856
Left,2,99.74223,31.0379,25.42059,-9.632556,1.599733,9.297115,1.390016
Left,2,99.77543,31.2161,26.30318,-9.859355,1.503241,9.430881,1.409172
Left,2,99.8064,31.38905,27.11396,-10.09837,-1.282832,9.648463,1.250701
Left,2,99.83141,31.62743,27.92951,-10.31181,-1.247254,9.852752,1.132633
Left,2,99.8641,31.83161,28.71083,-10.48824,-1.365014,10.08399,1.145347
Left,2,99.88792,32.00406,29.46221,-10.63393,-1.47724,10.30297,1.159609
Left,2,99.90866,32.0825,29.86434,-10.71522,-1.482397,10.38934,1.112939
Left,2,99.93243,32.24475,30.61421,-10.84212,-1.484113,10.54733,1.053877
Left,2,99.95325,32.31629,30.97535,-10.91993,-1.477638,10.64008,1.051647
Left,2,99.98645,32.49314,31.73615,-11.08988,-1.494231,10.69301,1.326922
Left,2,100.0104,32.71501,32.46503,-11.27653,-1.686324,10.66452,1.64211
Left,2,100.0309,32.84744,32.85319,-11.37911,1.886474,10.66891,1.870744
Left,2,100.0548,33.12699,33.58966,-11.55947,-1.817039,10.98711,1.798309
Left,2,100.0753,33.29546,33.98101,-11.65089,-1.731105,11.17808,1.686672
Left,2,100.0995,33.61018,34.6997,-11.8292,-1.663893,11.51721,1.553938
Left,2,100.1198,33.75972,35.07331,-11.91115,-1.672106,11.68693,1.522514
Left,2,100.1539,34.03594,35.79868,-12.01587,-1.782789,12.05854,1.506752
Left,2,100.1872,34.23486,36.52795,-12.14225,-1.452526,12.62481,1.404442
Left,2,100.2118,34.32918,37.22404,-12.30609,-1.637455,12.84902,1.590286
Left,2,100.2327,34.35887,37.61639,-12.38482,-1.757471,12.93793,1.645562
Left,2,100.2544,34.37221,38.05061,-12.48439,-1.849703,13.06647,1.639247
Left,2,100.2873,34.36595,38.90409,-12.69655,-2.028543,13.33338,1.649363
Left,2,100.32,34.3443,39.77522,-12.91263,-2.237472,13.61425,1.700078
Left,2,100.3535,34.30384,40.66482,-13.12914,-2.326331,13.79623,1.784983
Left,2,100.3868,34.3316,41.56238,-13.29743,-2.490493,14.07562,1.774096
Left,2,100.42,34.37651,42.39183,-13.39324,-2.624877,14.35347,1.753011
Left,2,100.454,34.46178,43.19362,-13.53047,-2.706965,14.61945,1.783009
Left,2,100.4825,34.51756,43.61199,-13.61035,-2.709567,14.77523,1.759252
Left,2,100.5302,34.68777,44.55216,-13.80492,-2.715484,15.12659,1.746188
Left,2,100.5679,34.93664,45.61107,-13.93561,-2.763996,15.5222,1.849809
Left,2,100.5945,35.1179,46.591,-14.083,-2.808468,15.84983,1.869488
Left,2,100.633,35.28746,47.45903,-14.17944,-2.86676,16.1738,1.865506
Left,2,100.6616,35.38861,48.22211,-14.26899,-2.843173,16.46959,1.728277
Left,2,100.6856,35.46328,48.86926,-14.3686,-2.820014,16.71921,1.604862
Left,2,100.7063,35.46389,49.14776,-14.44403,-2.811394,16.86844,1.577312
Left,2,100.7305,35.45541,49.63081,-14.58049,-2.798273,17.16154,1.519426
Left,2,100.7517,35.4745,49.89568,-14.6363,-2.808119,17.32376,1.503501
Left,2,100.7922,35.5204,50.37902,-14.69001,-2.824038,17.69345,1.498808
Left,2,100.8199,35.65772,50.9397,-14.65612,-2.791409,18.14688,1.563855
Left,2,100.8523,35.81475,51.48345,-14.59478,-2.794003,18.53389,1.438447
Left,2,100.8855,35.95289,52.02227,-14.54585,-2.784247,18.87273,1.275642
Left,2,100.9187,36.01931,52.52859,-14.54927,-2.586643,19.14219,1.40806
Left,2,100.9527,36.04467,53.04681,-14.64541,-2.435421,19.45115,1.543196
Left,2,100.9858,36.06497,53.53393,-14.71816,-2.378499,19.8375,1.652208
Left,2,101.0097,36.06785,53.9454,-14.77862,-2.323047,20.14034,1.695814
Left,2,101.0306,36.06269,54.1267,-14.77025,-2.274602,20.27592,1.70525
Left,2,101.0632,36.0414,54.44725,-14.69277,-2.221847,20.57586,1.733591
Left,2,101.1035,36.03595,54.73752,-14.54528,-2.196063,20.87012,1.768793
Left,2,101.1314,36.04249,55.08986,-14.39622,-2.170244,21.18665,1.852029
Left,2,101.1639,36.03775,55.44289,-14.22222,-2.154042,21.48607,1.942392
Left,2,101.1966,36.05011,55.83921,-14.00975,-1.93067,21.87942,1.848433
Left,2,101.2211,36.09693,56.25719,-13.74462,-1.837708,22.01167,1.593973
Left,2,101.2417,36.11089,56.49731,-13.64587,-1.876801,22.16568,1.656231
Left,2,101.2751,36.16547,57.03399,-13.35142,-1.935125,22.4908,1.753681
Left,2,101.2994,36.21979,57.56578,-13.17269,-1.960944,22.75359,1.805369
Left,2,101.3315,36.27316,58.09543,-13.07308,-1.960046,22.83027,1.640321
Left,2,101.3528,36.30088,58.36112,-13.02206,-2.026227,22.76832,1.397458
Left,2,101.3859,36.27843,58.82721,-13.06968,-2.2885,22.71381,0.9392031
Left,3,106.3106,24.62827,1.014714,-2.029122,4.208357,3.265787,1.221092
Left,3,106.331,24.63501,1.028315,-2.015768,4.200252,3.310265,1.210792
Left,3,106.3642,24.64053,1.044365,-1.994981,4.176967,3.387725,1.189761
Left,3,106.3975,24.6372,1.051461,-1.981397,4.156003,3.451449,1.173865
Left,3,106.4309,24.6314,1.053877,-1.97457,4.142268,3.508555,1.166675
Left,3,106.472,24.62622,1.047919,-1.96931,4.13337,3.553194,1.166675
Left,3,106.5007,24.64235,1.054805,-1.967719,4.120177,3.581077,1.169858
Left,3,106.5212,24.65034,1.05053,-1.964334,4.139951,3.586213,1.190254
Left,3,106.5453,24.68181,1.097357,-1.972487,4.130526,3.458929,1.178358
Left,3,106.5666,24.69969,1.134359,-1.976551,4.121271,3.401624,1.171529
Left,3,106.6014,24.7342,1.19763,-1.9811,4.103984,3.319243,1.158934
Left,3,106.6257,24.75929,1.252889,-1.978036,4.08279,3.27656,1.146713
Left,3,106.65,24.77748,1.296035,-1.969806,4.075157,3.25546,1.140381
Left,3,106.6829,24.81148,1.334129,-1.966027,4.061486,3.402257,1.147906
Left,3,106.7073,24.84767,1.36444,-1.952142,4.01888,3.539889,1.14141
Left,3,106.7297,24.86811,1.379843,-1.944809,3.995716,3.587141,1.134704
Left,3,106.7625,24.9174,1.407504,-1.936237,3.984723,3.669225,1.137632
Left,3,106.7871,24.93069,1.440078,-1.935023,4.021023,3.760725,1.162811
Left,3,106.8072,24.93624,1.456428,-1.93472,4.042928,3.799884,1.177527
Left,3,106.8312,24.94182,1.484113,-1.931379,4.046947,3.830117,1.179685
Left,3,106.852,24.97018,1.491216,-1.928235,4.074821,3.858387,1.196322
Left,3,106.8855,25.01979,1.502459,-1.92661,4.116325,3.895813,1.217883
Left,3,106.9187,25.06577,1.527519,-1.941889,4.119797,3.895259,1.220451
Left,3,106.9426,25.10574,1.55658,-1.963736,4.162266,3.920565,1.240331
Left,3,106.9635,25.13245,1.567979,-1.983667,4.18067,3.937212,1.247568
Left,3,106.9963,25.17496,1.591516,-2.016351,4.203654,3.968916,1.256943
Left,3,107.0203,25.20107,1.59961,-2.02864,4.143497,4.026912,1.253045
Left,3,107.0438,25.20834,1.584738,-2.022263,4.014394,4.068616,1.236539
Left,3,107.0698,25.21745,1.559594,-2.022553,3.966103,4.101216,1.232418
Left,3,107.0967,25.22405,1.5788,-2.013728,3.889776,4.161748,1.211762
Left,3,107.1296,25.22168,1.617736,-1.99655,3.747633,4.222852,1.145517
Left,3,107.1536,25.21481,1.669764,-1.984062,3.660997,4.303796,1.089663
Left,3,107.1744,25.15403,1.726011,-1.978431,3.551871,4.3626,1.039482
Left,3,107.2076,25.07348,1.847797,-1.996354,3.510061,4.508064,1.003857
Left,3,107.2409,25.05653,2.010519,-2.067627,3.378465,4.66094,0.9512104
Left,3,107.2646,25.11831,2.223344,-2.177806,3.33695,4.79097,0.966516
Left,3,107.2854,25.14695,2.332633,-2.22484,3.241478,4.858897,0.9646922
Left,3,107.3094,25.19715,2.474092,-2.273828,3.223308,5.043914,0.9819816
Left,3,107.3301,25.26853,2.539832,-2.282248,3.309142,5.153584,1.04605
Left,3,107.3541,25.36436,2.66631,-2.296525,3.295031,5.43033,1.153518
Left,3,107.3745,25.41964,2.765342,-2.327508,3.150078,5.568275,1.07974
Left,3,107.4077,25.51305,3.007326,-2.412002,2.949487,5.825814,0.9575664
Left,3,107.4317,25.54062,3.29402,-2.500298,2.91759,6.028249,0.9470872
Left,3,107.4524,25.57012,3.471867,-2.57633,2.941379,6.135744,0.9859589
Left,3,107.4856,25.6467,3.904348,-2.781926,2.954991,6.316214,1.06091
Left,3,107.5185,25.7281,4.454346,-3.084198,2.940314,6.439402,1.129346
Left,3,107.5493,25.80082,5.062293,-3.444863,2.915778,6.527595,1.186137
Left,3,107.5756,25.95345,5.805254,-3.855645,2.881403,6.579957,1.220451
Left,3,107.5964,26.02675,6.219274,-4.083654,2.840555,6.588058,1.222213
Left,3,107.6206,26.1434,7.025069,-4.504109,2.79169,6.607289,1.227645
Left,3,107.6418,26.23512,7.490616,-4.701571,2.771634,6.621698,1.223973
Left,3,107.6746,26.40744,8.440152,-5.127017,2.721748,6.647001,1.206259
Left,3,107.7147,26.65823,9.419578,-5.549873,2.661828,6.675059,1.17952
Left,3,107.7426,26.90085,10.43223,-5.936434,2.591859,6.713729,1.153518
Left,3,107.7638,27.03651,10.94976,-6.11587,2.547374,6.743023,1.139523
Left,3,107.7969,27.26968,11.93147,-6.459226,2.481045,6.816588,1.127612
Left,3,107.8305,27.50996,12.90274,-6.804925,2.453756,6.93152,1.146542
Left,3,107.8702,27.79269,13.87255,-7.143942,2.411758,7.081111,1.137976
Left,3,107.898,28.15741,15.00396,-7.524335,2.294649,7.272354,1.098427
Left,3,107.919,28.35984,15.60936,-7.71925,2.233357,7.378127,1.085164
Left,3,107.9531,28.71152,16.8529,-8.093326,2.133408,7.609347,1.088585
Left,3,107.9863,29.12593,18.15895,-8.477994,2.05519,7.890409,1.089663
Left,3,108.0257,29.52489,19.51309,-8.898037,1.966226,8.138876,1.110651
Left,3,108.0538,29.92131,20.98703,-9.359837,1.895169,8.370765,1.139351
Left,3,108.0748,30.14766,21.77641,-9.59489,1.85393,8.497313,1.155552
Left,3,108.1085,30.58065,23.30626,-10.05796,1.809916,8.742511,1.213698
Left,3,108.1414,30.97659,24.86237,-10.52089,1.79406,8.967098,1.285575
Left,3,108.1813,31.33888,26.43087,-10.9519,1.698811,9.166861,1.303863
Left,3,108.21,31.73062,28.10095,-11.33616,1.572714,9.389712,1.312539
Left,3,108.2307,31.9324,28.9176,-11.50667,1.556329,9.509297,1.32101
Left,3,108.2636,32.28648,30.44415,-11.85272,1.500635,9.770928,1.336473
Left,3,108.2969,32.6153,31.89763,-12.19131,1.441572,10.06896,1.352918
Left,3,108.34,32.91211,33.29395,-12.47063,1.471134,10.32057,1.403745
Left,3,108.3649,33.20173,34.65729,-12.68954,1.479887,10.56505,1.424503
Left,3,108.3856,33.35963,35.32068,-12.77424,1.476975,10.6848,1.426699
Left,3,108.4184,33.70667,36.55745,-12.88001,1.434905,10.95246,1.407365
Left,3,108.4429,34.0918,37.6983,-12.95697,1.432721,11.19102,1.41056
Left,3,108.4636,34.30833,38.27371,-12.96808,1.294071,11.46645,1.240805
Left,3,108.4966,34.71399,39.39034,-12.97193,1.222533,11.72879,1.185477
Left,3,108.5299,35.07273,40.50186,-12.98028,1.123787,12.11985,1.08354
Left,3,108.5542,35.3423,41.52027,-12.98122,-1.118376,12.42186,1.095573
Left,3,108.5748,35.42242,42.04842,-13.03242,-1.199589,12.58406,1.172364
Left,3,108.608,35.55601,43.09128,-13.16242,-1.392829,12.92306,1.332661
Left,3,108.6479,35.61541,44.12674,-13.36336,-1.519555,13.3003,1.422853
Left,3,108.6757,35.66824,45.21995,-13.58069,-1.599488,13.77763,1.438855
Left,3,108.7085,35.73452,46.20359,-13.79417,-1.709148,14.2931,1.508309
Left,3,108.7415,35.85728,47.16788,-13.96834,-1.798092,14.83201,1.545983
Left,3,108.7751,36.02507,48.07103,-14.0823,-1.911927,15.43781,1.631109
Left,3,108.8081,36.16455,48.91607,-14.18901,-2.060706,16.04044,1.75033
Left,3,108.8415,36.25999,49.69597,-14.25565,-2.188743,16.6185,1.860884
Left,3,108.8747,36.31242,50.41287,-14.27498,-2.270813,17.13036,1.916221
Left,3,108.8985,36.3677,51.0668,-14.2418,-2.309866,17.55792,1.893826
Left,3,108.9197,36.39222,51.40013,-14.22919,-2.343431,17.79604,1.921728
Left,3,108.9594,36.47383,52.14104,-14.19908,-2.384744,18.22541,1.940175
Left,3,108.9879,36.57433,53.03968,-14.13179,-2.375617,18.65146,1.924171
Left,3,109.0082,36.61557,53.50714,-14.10813,-2.372731,18.86203,1.888859
Left,3,109.0326,36.70855,54.39377,-14.03233,-2.32094,19.16375,1.735509
Left,3,109.053,36.73355,54.86139,-14.0534,-2.29132,19.31785,1.666361
Left,3,109.0865,36.74357,55.78331,-14.13389,-2.148219,19.74346,1.563354
Left,3,109.1086,36.73035,56.22451,-14.21073,-2.18095,19.86037,1.514007
Left,3,109.1448,36.69488,57.12275,-14.37845,-1.774427,20.49061,1.321454
Left,3,109.1667,36.67318,57.53445,-14.4662,-1.424503,20.94789,1.170694
Left,3,109.1922,36.65106,57.94576,-14.52622,-1.123265,21.44924,1.056473
Left,3,109.2208,36.60915,58.64781,-14.63515,-1.254606,21.72609,1.101451
Down,1,130.6344,23.03184,-0.9968149,0.8751395,4.134839,2.318409,2.836418
Down,1,130.6692,23.02276,-1.020867,0.8780415,4.399083,2.176368,2.965967
Down,1,130.69,23.02164,-1.036843,0.8789325,4.162972,2.320518,2.849638
Down,1,130.718,23.01964,-1.061647,0.8787099,3.671999,2.622789,2.60459
Down,1,130.7454,23.01922,-1.067346,0.8789325,3.442873,2.765483,2.48538
Down,1,130.7732,22.95309,-1.054248,0.8804895,3.402257,2.792742,2.459413
Down,1,130.8015,22.95906,-1.049971,0.8800449,3.607443,2.672103,2.552286
Down,1,130.8216,22.97318,-1.044739,0.8798226,3.61996,2.641899,2.547297
Down,1,130.8428,22.98783,-1.044552,0.8858072,3.425484,2.728428,2.440639
Down,1,130.87,23.01048,-1.048105,0.8965662,3.139496,2.88018,2.273484
Down,1,130.8985,23.02749,-1.055918,0.9093519,3.289084,2.813064,2.324311
Down,1,130.9264,23.04032,-1.065511,0.9189842,3.276978,2.825978,2.288414
Down,1,130.9538,23.05321,-1.065878,0.9183452,3.601251,2.708627,2.443444
Down,1,130.9748,23.06016,-1.063121,0.9155711,3.630869,2.695661,2.443604
Down,1,130.9958,23.06626,-1.057769,0.9174925,3.773253,2.637524,2.510064
Down,1,131.0231,23.07554,-1.032682,0.9215358,4.073234,2.508036,2.657928
Down,1,131.051,23.0811,-1.00736,0.9159984,4.441091,2.340507,2.843035
Down,1,131.0795,23.07167,-0.9859589,0.9106421,4.719869,2.194637,2.97664
Down,1,131.1069,23.04949,-0.9606267,0.9013549,4.962464,2.055856,3.084007
Down,1,131.1275,23.04177,-0.9392031,0.8895546,5.060512,1.995177,3.117908
Down,1,131.1484,23.02328,-0.9110718,0.8873522,4.75345,2.151132,2.950284
Down,1,131.1759,22.97968,-0.8697567,0.884702,4.090075,2.523209,2.631134
Down,1,131.2038,22.93849,-0.8448781,0.8877931,3.58605,2.807213,2.400288
Down,1,131.2316,22.90025,-0.8327476,0.8935054,3.253114,2.969793,2.262091
Down,1,131.2598,22.87061,-0.8270888,0.8980926,3.033317,3.066501,2.167718
Down,1,131.2799,22.85584,-0.8263788,0.9007034,2.953202,3.095918,2.133683
Down,1,131.3015,22.82979,-0.8266156,0.9052542,2.88378,3.113887,2.100216
Down,1,131.3286,22.75901,-0.8329825,0.9181321,2.77756,3.143484,2.053952
Down,1,131.3567,22.64211,-0.8497278,0.930832,2.752286,3.172434,2.062604
Down,1,131.3848,22.54697,-0.8690815,0.9289381,2.731225,3.186535,2.065733
Down,1,131.4125,22.44755,-0.8831524,0.9245038,2.688754,3.181862,2.038265
Down,1,131.4331,22.37443,-0.8939433,0.9343988,2.685184,3.183953,2.040951
Down,1,131.4559,22.22807,-0.8758101,0.9320924,2.666824,3.170953,2.029315
Down,1,131.4814,21.90594,-0.8453411,0.9247154,2.640639,3.160626,2.021682
Down,1,131.5086,21.48192,-0.8199606,0.9155711,2.614342,3.170397,2.008668
Down,1,131.5367,20.98803,-0.7875819,0.9028733,2.642566,3.209674,2.041143
Down,1,131.5643,20.64289,-0.7979487,0.9026566,2.685184,3.262488,2.090034
Down,1,131.5853,20.49335,-0.7898148,0.8888945,2.703781,3.288845,2.114796
Down,1,131.6062,20.3248,-0.7530347,0.8641139,2.677665,3.292831,2.093028
Down,1,131.6349,19.91809,-0.6855699,0.8322775,2.663445,3.303813,2.083844
Down,1,131.6623,19.47877,-0.6351982,0.8308656,2.599174,3.280382,2.030954
Down,1,131.69,19.13066,-0.6170725,0.8315719,2.55267,3.25546,1.992625
Down,1,131.7173,18.7384,-0.6274496,0.842791,2.527472,3.244074,1.970998
Down,1,131.7386,18.49945,-0.6391903,0.8448781,2.52251,3.245823,1.964733
Down,1,131.7588,18.24232,-0.6723125,0.8430232,2.549063,3.230588,1.962141
Down,1,131.7874,17.80465,-0.7252374,0.8572935,2.951544,2.977561,2.14448
Down,1,131.8143,17.2644,-0.719005,0.8742447,2.897392,2.915979,2.101334
Down,1,131.842,16.71561,-0.7113441,0.8720036,3.362724,2.603087,2.3446
Down,1,131.87,16.16474,-0.6587883,0.848345,3.827508,2.331793,2.583386
Down,1,131.8905,15.89315,-0.660568,0.8478836,3.67525,2.430835,2.512792
Down,1,131.9124,15.54635,-0.6878495,0.8497278,3.470344,2.560173,2.405664
Down,1,131.9397,14.82292,-0.6546168,0.8268523,3.195798,2.729146,2.246202
Down,1,131.97,13.99134,-0.5682068,0.8045425,3.323428,2.629943,2.260014
Down,1,132.0091,12.98598,-0.5230194,0.7641266,3.805549,2.30622,2.405664
Down,1,132.0458,11.83272,-0.5237671,0.7165515,4.177905,2.063268,2.490886
Down,1,132.0786,10.45342,-0.5207698,0.6013339,3.805343,2.396289,2.254638
Down,1,132.1061,9.174939,-0.5881739,0.4841639,3.539889,2.667925,2.100589
Down,1,132.1337,7.86886,-0.6192883,0.3286494,3.411797,2.848882,2.06933
Down,1,132.1616,6.602153,-0.6480073,0.1582588,3.379103,2.957639,2.047844
Down,1,132.1892,5.291021,-0.6611602,0,3.441906,3.008888,1.990758
Down,1,132.2307,4.001446,-0.6318005,-0.2382111,3.553855,3.008368,1.94672
Down,1,132.2587,2.847301,-0.5990517,-0.4849715,3.620176,2.939515,1.858253
Down,1,132.2861,1.796241,-0.5192646,-0.7030433,3.718101,2.879908,1.798201
Down,1,132.3144,1.118201,-0.416371,-0.9346082,3.967929,2.843173,1.801354
Down,1,132.3495,-1.305962,-0.2832403,-1.128306,4.255193,2.799182,1.775419
Down,1,132.3763,-1.76192,-0.199792,-1.229397,4.415037,2.777772,1.751001
Down,1,132.397,-2.355179,-0.1341704,-1.338083,4.964674,2.477334,2.077825
Down,1,132.4249,-3.637981,-0.0656106,-1.546237,5.646218,1.753235,2.354846
Down,1,132.4526,-4.861195,0,-1.735622,6.111574,1.247881,2.413462
Down,1,132.4805,-6.017475,0.0656106,-1.917855,6.437301,0.9291486,2.45575
Down,1,132.5084,-7.204676,0.1083524,-2.070465,6.519147,0.9532654,2.433893
Down,1,132.5286,-7.787623,0.1412742,-2.132674,6.369537,1.252108,2.346019
Down,1,132.5503,-8.474634,0.1690205,-2.217791,6.291799,1.492528,2.29354
Down,1,132.5782,-9.666682,0.2264194,-2.401674,6.238568,1.820482,2.248379
Down,1,132.6055,-10.86241,0.2947506,-2.554816,6.249307,2.032977,2.242976
Down,1,132.6332,-11.99434,0.2993615,-2.691591,6.280945,2.18086,2.266672
Down,1,132.664,-12.97429,0.2920831,-2.850393,6.306086,2.281647,2.278128
Down,1,132.7029,-13.99345,0.3064671,-3.018437,6.301171,2.34268,2.254638
Down,1,132.73,-14.91384,0.3460502,-3.213453,6.22652,2.371494,2.201849
Down,1,132.7585,-15.70862,0.354982,-3.414607,6.170028,2.392774,2.163199
Down,1,132.786,-16.56993,0.3351346,-3.602718,6.116512,2.413381,2.131114
Down,1,132.8137,-17.44831,0.3171355,-3.761662,6.075348,2.440078,2.105614
Down,1,132.8479,-18.28861,0.3226406,-3.950618,6.077574,2.475832,2.105428
Down,1,132.8698,-18.85577,0.3109043,-4.054826,6.117794,2.505928,2.115813
Down,1,132.8976,-19.97188,0.3077414,-4.271593,6.253541,2.560479,2.13799
Down,1,132.9249,-20.92968,0.3544303,-4.494706,6.387029,2.620698,2.161389
Down,1,132.9528,-21.7937,0.414487,-4.707526,6.420434,2.701753,2.169072
Down,1,132.983,-22.66827,0.4901886,-4.917052,6.383774,2.781856,2.149403
Down,1,133.0031,-23.08926,0.5207698,-5.024572,6.357706,2.818973,2.135792
Down,1,133.0237,-23.53697,0.57743,-5.156549,6.333697,2.839522,2.118402
Down,1,133.0508,-24.28725,0.7127182,-5.421662,6.33509,2.885544,2.118956
Down,1,133.0789,-25.06594,0.8042993,-5.649445,6.322481,2.917187,2.112018
Down,1,133.1059,-25.80205,0.9074132,-5.891988,6.269948,2.953665,2.079896
Down,1,133.1336,-26.47727,1.017795,-6.151253,6.156414,3.001136,2.055856
Down,1,133.1538,-26.80025,1.06936,-6.294478,6.102489,3.021872,2.051377
Down,1,133.1752,-27.20681,1.119426,-6.447345,6.04228,3.05627,2.055285
Down,2,137.3149,24.1241,-1.240016,0.2733977,3.203019,2.860128,2.865598
Down,2,137.3425,24.17163,-1.257411,0.2712421,3.204241,2.870717,2.868671
Down,2,137.3637,24.17898,-1.260674,0.2733977,3.216011,2.880044,2.876984
Down,2,137.3863,24.16747,-1.259743,0.2762456,3.229012,2.890018,2.886087
Down,2,137.413,24.12497,-1.250231,0.2797648,3.244919,2.909729,2.899148
Down,2,137.4343,24.10139,-1.242066,0.2783625,3.252632,2.918194,2.90468
Down,2,137.4684,24.03853,-1.222694,0.2690692,3.256782,2.935783,2.906633
Down,2,137.4956,23.9767,-1.200078,0.2609472,3.250344,2.957772,2.901713
Down,2,137.5233,23.93031,-1.150291,0.2668786,3.240995,2.976246,2.896649
Down,2,137.5508,23.88795,-1.110651,0.2697954,3.238336,2.989175,2.89435
Down,2,137.5854,23.83901,-1.084803,0.276953,3.214611,2.925898,2.841796
Down,2,137.6067,23.80231,-1.097001,0.2790645,3.18592,2.942044,2.83559
Down,2,137.6345,23.77251,-1.115924,0.2920831,3.148089,2.982488,2.824869
Down,2,137.6621,23.77868,-1.122916,0.3058279,3.114642,3.007261,2.793653
Down,2,137.6896,23.77712,-1.125875,0.3146578,3.022585,3.00094,2.70776
Down,2,137.7178,23.77327,-1.136428,0.3090104,2.956249,2.99957,2.644269
Down,2,137.7589,23.77634,-1.139351,0.2934199,2.915107,2.999243,2.603613
Down,2,137.7869,23.78134,-1.139351,0.276953,2.870649,2.992055,2.558567
Down,2,137.8145,23.78312,-1.139523,0.2668786,2.843449,2.986686,2.529407
Down,2,137.8424,23.78497,-1.131596,0.2548778,2.824384,2.986096,2.509129
Down,2,137.8701,23.79097,-1.103404,0.2548778,2.811463,2.986948,2.49544
Down,2,137.8906,23.80546,-1.106061,0.2533378,2.807004,2.986161,2.490493
Down,2,137.9122,23.80146,-1.110827,0.2502292,2.805678,2.985833,2.489157
Down,2,137.9398,23.72231,-1.104821,0.2517883,2.807074,2.989961,2.491829
Down,2,137.9676,23.59153,-1.093069,0.2571706,2.812716,2.985046,2.493557
Down,2,137.9955,23.33084,-1.04605,0.2755364,2.828678,2.963987,2.49544
Down,2,138.0233,23.01324,-1.004247,0.2797648,2.845307,2.940447,2.495283
Down,2,138.0435,22.85346,-0.9942597,0.2690692,2.85355,2.929241,2.494891
Down,2,138.0647,22.69459,-0.993472,0.2676108,2.860676,2.919066,2.488921
Down,2,138.092,22.37545,-0.9942597,0.2586879,2.874193,2.905286,2.477413
Down,2,138.1206,21.94577,-0.9887336,0.2373883,2.941845,2.924761,2.517151
Down,2,138.1479,21.56225,-0.9755841,0.2130625,2.946366,2.926768,2.497714
Down,2,138.1761,21.14216,-0.9534706,0.1958353,2.94058,2.947097,2.473301
Down,2,138.1963,20.87491,-0.9341894,0.1897456,2.94962,2.949686,2.472114
Down,2,138.2203,20.53895,-0.9052542,0.1866263,2.955653,2.960484,2.468152
Down,2,138.2447,19.96657,-0.8607104,0.1690205,2.965703,2.982619,2.459572
Down,2,138.2717,19.43408,-0.7888232,0.1341704,2.955786,3.017334,2.438714
Down,2,138.3004,18.8791,-0.7113441,0.09065409,2.9817,3.061646,2.411433
Down,2,138.328,18.3502,-0.5944612,-0.01978234,2.978087,3.12067,2.394328
Down,2,138.3484,18.08042,-0.5192646,-0.04423466,2.971441,3.149271,2.385319
Down,2,138.37,17.83134,-0.4545648,-0.1008706,2.963392,3.178107,2.375864
Down,2,138.3976,17.3581,-0.3134116,-0.2036718,2.959294,3.244556,2.358998
Down,2,138.4254,16.98675,-0.1897456,-0.3232465,2.974535,3.298,2.348604
Down,2,138.4531,16.52594,-0.0656106,-0.4297835,2.986489,3.337419,2.339335
Down,2,138.4809,16.0731,0,-0.5074486,3.009669,3.370342,2.33087
Down,2,138.5017,15.83005,0,-0.5450047,3.018242,3.384371,2.326668
Down,2,138.5226,15.54662,-0.04423466,-0.5858405,3.028214,3.395633,2.324142
Down,2,138.5498,14.94929,-0.1235407,-0.6489125,3.062285,3.403466,2.320771
Down,2,138.5781,14.39547,-0.2298502,-0.7033216,3.09693,3.40772,2.320266
Down,2,138.606,13.80971,-0.324455,-0.7538139,3.131504,3.411682,2.328265
Down,2,138.6335,13.17964,-0.3986039,-0.7818466,3.176566,3.403063,2.333388
Down,2,138.6545,12.88252,-0.4297835,-0.7893192,3.202591,3.38992,2.333052
Down,2,138.6754,12.54313,-0.4519747,-0.798684,3.266207,3.36889,2.336238
Down,2,138.7031,11.81159,-0.4985009,-0.7825971,3.394076,3.328255,2.343097
Down,2,138.7307,11.07012,-0.5293413,-0.7730374,3.510452,3.277396,2.351269
Down,2,138.7583,10.26834,-0.5008504,-0.7775803,3.631624,3.226647,2.36132
Down,2,138.7863,9.412877,-0.4751895,-0.8084246,3.708187,3.188439,2.363474
Down,2,138.8065,8.937032,-0.4747775,-0.8118062,3.732503,3.168977,2.362232
Down,2,138.8282,8.357712,-0.466462,-0.8247196,3.755723,3.145538,2.358251
Down,2,138.8557,7.202742,-0.4597013,-0.8206762,3.840583,3.077144,2.343014
Down,2,138.8835,6.087275,-0.4356619,-0.8348597,3.986787,2.963194,2.387451
Down,2,138.9109,4.996732,-0.429328,-0.8543211,4.185492,2.822027,2.462595
Down,2,138.9392,3.86579,-0.4020255,-0.8554656,4.39396,2.70682,2.539755
Down,2,138.9596,3.351527,-0.3981127,-0.8643403,4.488688,2.661828,2.572605
Down,2,138.9813,2.792041,-0.3936644,-0.8880135,4.566689,2.633142,2.593746
Down,2,139.0088,1.842388,-0.3748225,-0.9431533,4.678683,2.597969,2.588231
Down,2,139.0362,1.208528,-0.3505445,-1.001124,4.753821,2.572529,2.563917
Down,2,139.0638,-1.143979,-0.301316,-1.075564,4.811127,2.549754,2.546221
Down,2,139.0914,-1.509606,-0.2776587,-1.145859,4.89957,2.52445,2.579595
Down,2,139.1121,-1.776301,-0.2631872,-1.178358,4.967988,2.511078,2.618157
Down,2,139.134,-2.108308,-0.2502292,-1.226369,5.024884,2.500141,2.651587
Down,2,139.1611,-2.763996,-0.2365626,-1.304013,5.112895,2.492771,2.693118
Down,2,139.1888,-3.371446,-0.1582588,-1.362144,5.207142,2.4901,2.72333
Down,2,139.2166,-3.927551,-0.07132626,-1.417893,5.29028,2.471084,2.717286
Down,2,139.2448,-4.524026,-0.01978234,-1.463933,5.398371,2.440399,2.6897
Down,2,139.2652,-4.866551,0.01978234,-1.487274,5.444458,2.430111,2.682923
Down,2,139.2865,-5.212144,0.06255726,-1.517106,5.484122,2.419698,2.684819
Down,2,139.3144,-5.843384,0.2130625,-1.523799,5.508759,2.412651,2.655496
Down,2,139.3423,-6.492896,0.3846134,-1.505712,5.521232,2.410784,2.627859
Down,2,139.37,-7.05327,0.4897892,-1.516977,5.461922,2.403222,2.569788
Down,2,139.3998,-7.790042,0.6170725,-1.509347,5.493084,2.423578,2.530645
Down,2,139.4388,-8.590755,0.8213912,-1.549397,5.474645,2.418485,2.537519
Down,2,139.4664,-9.389901,0.972772,-1.616526,5.380774,2.471243,2.531805
Down,2,139.4942,-10.20405,1.105707,-1.629668,5.329398,2.531263,2.489707
Down,2,139.5222,-11.09241,1.20073,-1.574828,5.291206,2.58634,2.401022
Down,2,139.5496,-11.87894,1.26764,-1.500504,5.334029,2.614491,2.394165
Down,2,139.5846,-12.53883,1.316261,-1.425052,5.3535,2.615315,2.394328
Down,2,139.6056,-12.88338,1.38126,-1.370879,5.324137,2.614866,2.385893
Down,2,139.6332,-13.51704,1.550407,-1.245055,5.302637,2.632547,2.380966
Down,2,139.6613,-14.18002,1.697544,-1.07974,5.29439,2.61112,2.345602
Down,2,139.6829,-14.5034,1.760364,-0.9867525,5.266298,2.610521,2.307747
Down,2,139.7051,-14.94096,1.822631,-0.8568369,5.206653,2.639972,2.256113
Down,2,139.7386,-15.5894,1.932493,-0.6097356,5.243478,2.655939,2.205224
Down,2,139.7593,-15.92788,1.927524,-0.4784724,5.252514,2.646858,2.180591
Down,2,139.7869,-16.59001,1.913155,-0.2167048,5.265554,2.620474,2.119049
Down,2,139.8144,-17.41338,1.810133,0.08846933,5.200854,2.616961,2.052999
Down,2,139.8419,-18.07112,1.725897,0.3560827,5.220033,2.58134,2.017903
Down,2,139.8692,-18.73695,1.639247,0.6230683,5.205185,2.562771,1.997824
Down,2,139.8903,-19.03915,1.607543,0.7527748,5.192408,2.553666,1.988299
Down,2,139.9112,-19.40355,1.60291,0.8886743,5.146736,2.543683,1.948027
Down,2,139.9393,-20.04522,1.642467,1.13746,4.968264,2.559026,1.892689
Down,2,139.967,-20.67372,1.684699,1.352773,4.738881,2.570778,1.854247
Down,2,139.9948,-21.27012,1.739901,1.552047,4.592011,2.55872,1.8032
Down,2,140.0223,-22.17171,1.908956,1.756692,4.518697,2.557955,1.803308
Down,2,140.0428,-22.73037,2.031629,1.845784,4.483667,2.566969,1.801571
Down,2,140.0639,-23.41103,2.169252,1.932493,4.350057,2.588609,1.787722
Down,2,140.0915,-24.64597,2.413218,2.072543,3.999929,2.649889,1.719308
Down,2,140.1204,-25.75373,2.616213,2.178076,3.743922,2.704288,1.660597
Down,2,140.1468,-26.75092,2.756124,2.225807,3.505987,2.735021,1.590532
Down,2,140.1749,-27.61008,2.892523,2.224664,3.298475,2.803166,1.575574
Down,3,144.8277,23.8389,-1.234321,0.05233916,3.356138,3.303753,2.729935
Down,3,144.8543,23.77903,-1.233687,0.07401875,3.362491,3.328667,2.734663
Down,3,144.8829,23.74596,-1.240016,0.1008706,3.374581,3.361851,2.741526
Down,3,144.9098,23.72956,-1.223014,0.1153499,3.385355,3.400128,2.746163
Down,3,144.9312,23.72256,-1.208689,0.1153499,3.387841,3.417358,2.747659
Down,3,144.9583,23.72464,-1.190254,0.1136409,3.389112,3.434446,2.749013
Down,3,144.9799,23.73724,-1.184817,0.1083524,3.383098,3.44952,2.745949
Down,3,145.0315,23.73967,-1.134359,0.1101434,3.77102,3.705546,2.480413
Down,3,145.0634,23.75747,-1.090739,0.1219466,4.418319,4.002523,2.167357
Down,3,145.0971,23.77338,-1.07429,0.1384764,5.083843,4.251694,1.911927
Down,3,145.1189,23.7837,-1.06091,0.1384764,5.209775,4.291628,1.867708
Down,3,145.1458,23.79445,-1.055176,0.14537,5.037384,4.233829,1.922543
Down,3,145.1727,23.80357,-1.058879,0.1480375,5.137859,4.261402,1.856883
Down,3,145.2007,23.81384,-1.060171,0.1506579,4.834847,4.147182,1.909674
Down,3,145.2275,23.81662,-1.057584,0.1519511,5.005116,4.214217,1.844511
Down,3,145.2618,23.81569,-1.053506,0.1480375,5.472317,4.389232,1.710292
Down,3,145.2837,23.83389,-1.056288,0.1467098,5.231356,4.316247,1.793296
Down,3,145.3103,23.85906,-1.06091,0.1467098,4.512494,4.091655,2.067438
Down,3,145.3389,23.8618,-1.062752,0.1493534,3.948089,3.879745,2.298144
Down,3,145.3659,23.82102,-1.053134,0.1631294,3.628927,3.739369,2.445686
Down,3,145.3941,23.7746,-1.040987,0.1690205,3.437808,3.635504,2.521967
Down,3,145.4364,23.72083,-1.011237,0.1506579,3.240934,3.507327,2.496851
Down,3,145.4638,23.66572,-0.9713628,0.1046783,3.121109,3.415524,2.468073
Down,3,145.491,23.56963,-0.9661109,0.07661668,3.116024,3.414263,2.524605
Down,3,145.5193,23.52435,-0.9835745,0.08846933,3.082039,3.397362,2.511156
Down,3,145.547,23.51789,-0.9930781,0.1101434,3.069819,3.391999,2.522278
Down,3,145.5676,23.51047,-0.9915005,0.1153499,3.054027,3.36255,2.492536
Down,3,145.5886,23.47596,-0.9817823,0.1101434,3.157403,3.434047,2.383267
Down,3,145.6167,23.42285,-0.9594038,0.08622923,3.084578,3.389574,2.353433
Down,3,145.6441,23.36048,-0.9435682,0.0656106,3.21321,3.19347,2.470847
Down,3,145.6717,23.20238,-0.9362817,0.07401875,3.429711,2.963722,2.603162
Down,3,145.6997,23.03095,-0.9526493,0.132704,4.054006,2.530722,2.917053
Down,3,145.7207,22.93637,-0.9634743,0.1570175,4.316474,2.352268,3.044397
Down,3,145.7419,22.84379,-0.948326,0.1701742,4.53151,2.197845,3.147343
Down,3,145.7693,22.67933,-0.9004862,0.1780411,4.859381,1.962839,3.303339
Down,3,145.7974,22.45328,-0.9454328,0.2185032,5.059544,1.813049,3.391364
Down,3,145.8249,22.12828,-0.993669,0.2661444,5.060783,1.792969,3.407145
Down,3,145.8526,21.68049,-1.009882,0.3064671,5.282385,2.838281,2.598345
Down,3,145.8735,21.41184,-1.017603,0.3310224,5.270613,3.217289,2.330366
Down,3,145.8948,20.97357,-0.9725708,0.3511023,4.771836,3.27375,2.346186
Down,3,145.9225,20.18942,-0.9501812,0.3800071,3.954631,3.252391,2.4133
Down,3,145.9501,19.3091,-0.9383693,0.416371,3.455418,3.166814,2.419294
Down,3,145.9786,18.39212,-0.9052542,0.4401304,3.205768,3.156225,2.461402
Down,3,146.0059,17.52155,-0.7920414,0.4111691,3.327902,2.984325,2.597291
Down,3,146.0262,17.0649,-0.7348864,0.4044518,3.610319,2.746876,2.729791
Down,3,146.0478,16.51004,-0.6452838,0.3763854,4.010832,2.499437,2.881403
Down,3,146.0753,15.452,-0.5020211,0.3208161,4.624486,2.13799,3.103623
Down,3,146.1037,14.50893,-0.3856296,0.2525642,5.033999,1.91121,3.244919
Down,3,146.1306,13.58536,-0.3064671,0.1701742,5.279899,1.781471,3.323664
Down,3,146.1589,12.7926,-0.2631872,0.05233916,5.432747,1.684234,3.360045
Down,3,146.2004,12.11837,-0.2332305,-0.07401875,5.549237,1.549271,3.364238
Down,3,146.2285,11.43167,-0.1735894,-0.2007689,5.653676,1.393251,3.35643
Down,3,146.2553,10.88814,-0.1119058,-0.2920831,5.738868,1.284661,3.353454
Down,3,146.2833,10.39343,-0.07132626,-0.3339648,5.839256,1.212407,3.360686
Down,3,146.3109,9.962709,-0.04423466,-0.360452,5.928802,1.161801,3.366565
Down,3,146.3316,9.775616,-0.03956468,-0.3533245,5.970742,1.142267,3.366739
Down,3,146.3528,9.53502,-0.01978234,-0.3414966,6.009913,1.116275,3.364354
Down,3,146.3807,9.040637,0,-0.3226406,6.088595,1.072467,3.369181
Down,3,146.4082,8.475075,0,-0.2733977,6.182567,1.059063,3.399724
Down,3,146.4363,7.890483,0,-0.2349025,6.302229,1.072102,3.449463
Down,3,146.4644,7.232126,0,-0.2139789,6.438245,1.091815,3.476713
Down,3,146.4849,6.899669,0,-0.2027088,6.512467,1.10074,3.484083
Down,3,146.506,6.460227,0.01978234,-0.199792,6.615149,1.114871,3.489081
Down,3,146.5336,5.684997,0.01978234,-0.2306999,6.714459,1.15216,3.490708
Down,3,146.5619,4.980984,0.03426402,-0.2776587,6.767585,1.172865,3.475418
Down,3,146.5894,4.277595,0.07661668,-0.3310224,6.663444,1.290891,3.356022
Down,3,146.6178,3.582116,0.1480375,-0.386643,6.340349,1.581401,3.101541
Down,3,146.6589,2.999896,0.2017412,-0.4476244,5.926586,1.930771,2.854922
Down,3,146.6867,2.457662,0.2315465,-0.5132,5.531587,2.204602,2.670491
Down,3,146.7146,1.884087,0.261696,-0.563365,5.285241,2.403466,2.580809
Down,3,146.742,1.375297,0.2776587,-0.607807,5.114084,2.531418,2.518861
Down,3,146.7703,0.9462603,0.2873554,-0.6464956,4.988727,2.621445,2.470451
Down,3,146.7908,0.7900625,0.2960753,-0.6543178,4.929667,2.658296,2.446647
Down,3,146.8122,0.7168246,0.2825486,-0.6638185,4.872908,2.6929,2.420992
Down,3,146.8398,-0.8513383,0.2934199,-0.6847132,4.839829,2.719158,2.378499
Down,3,146.8676,-1.192226,0.3109043,-0.7324861,4.867558,2.696967,2.343599
Down,3,146.8956,-1.634345,0.2980514,-0.7370135,4.892488,2.682558,2.300782
Down,3,146.9232,-2.149767,0.2818553,-0.7225344,4.942843,2.671591,2.266586
Down,3,146.9437,-2.437108,0.2609472,-0.7203645,4.967001,2.667485,2.257588
Down,3,146.965,-2.731153,0.2382111,-0.7165515,4.975436,2.658443,2.251598
Down,3,146.9925,-3.446567,0.2176059,-0.6711472,5.016376,2.645083,2.253075
Down,3,147.02,-4.061968,0.1897456,-0.6495153,4.981614,2.640713,2.230199
Down,3,147.0477,-4.809783,0.1855749,-0.607807,4.955076,2.641751,2.207087
Down,3,147.0764,-5.573552,0.1582588,-0.6148488,4.888803,2.648263,2.169252
Down,3,147.1178,-6.460318,0.1493534,-0.6277614,4.829983,2.659548,2.130103
Down,3,147.1452,-7.333903,0.1713202,-0.6299395,4.798161,2.666604,2.112018
Down,3,147.1728,-8.164405,0.2093567,-0.6376578,4.714013,2.742525,2.077448
Down,3,147.2016,-9.042202,0.2556444,-0.6410245,4.664511,2.809792,2.049659
Down,3,147.2287,-9.888312,0.3109043,-0.6467983,4.71314,2.862865,2.07462
Down,3,147.2499,-10.40127,0.3432113,-0.6452838,4.725303,2.880724,2.085534
Down,3,147.2707,-10.9749,0.3871488,-0.6652907,4.715966,2.895026,2.092654
Down,3,147.2986,-12.07351,0.4579955,-0.7058211,4.690142,2.91987,2.097978
Down,3,147.3337,-12.86905,0.5570779,-0.7543329,4.662957,2.938116,2.095365
Down,3,147.3538,-13.2839,0.6265134,-0.772531,4.651348,2.946632,2.093122
Down,3,147.3809,-14.01679,0.7351527,-0.7895671,4.702072,2.944173,2.086754
Down,3,147.402,-14.41319,0.770502,-0.7770769,4.742228,2.937783,2.086379
Down,3,147.4254,-14.74859,0.8182884,-0.7694854,4.801834,2.92302,2.08591
Down,3,147.4504,-15.31686,0.9127884,-0.7378095,4.848039,2.881471,2.078955
Down,3,147.4778,-15.87879,0.9522384,-0.7284679,4.883389,2.801419,2.090596
Down,3,147.5062,-16.43054,0.9472937,-0.7600183,4.994928,2.64101,2.145483
Down,3,147.5338,-16.82469,0.9873473,-0.8120472,4.985506,2.468945,2.18919
Down,3,147.5542,-17.07207,1.019716,-0.8256681,4.942407,2.354597,2.194013
Down,3,147.5762,-17.4055,1.030976,-0.8343908,4.927162,2.223872,2.185969
Down,3,147.6039,-17.83549,1.093069,-0.8485757,4.874636,2.020133,2.16157
Down,3,147.6314,-18.30383,1.128306,-0.8175707,4.826291,1.862776,2.137349
Down,3,147.6591,-18.77374,1.151651,-0.7579558,4.812796,1.7463,2.128633
Down,3,147.6871,-19.36338,1.162811,-0.675796,4.788639,1.722151,2.141557
Down,3,147.7078,-19.70542,1.201545,-0.6180231,4.755181,1.727144,2.143476
Down,3,147.7292,-20.13399,1.284813,-0.5417637,4.728866,1.731105,2.148036
Down,3,147.7567,-21.04977,1.534039,-0.339197,4.557801,1.753793,2.146122
Down,3,147.7845,-21.96718,1.863616,-0.132704,4.397123,1.778723,2.132491
Down,3,147.8123,-22.88641,2.207264,0.0656106,4.261953,1.806669,2.107379
Down,3,147.8406,-23.78801,2.533582,0.2430897,4.196707,1.821879,2.090783
Down,3,147.8607,-24.20337,2.68919,0.3304307,4.173121,1.826706,2.082999
Down,3,147.8821,-24.66604,2.875418,0.4302385,4.126019,1.84005,2.058615
Down,3,147.9097,-25.65654,3.250886,0.6299395,4.097299,1.864561,2.037016
Down,3,147.9375,-26.63496,3.604892,0.8192443,4.106751,1.883671,2.025067
