range,posture,start,end,
180,ActuatedBed,11216,11325,
180,ActuatedBed,11216,11399,
180,ActuatedBed,11216,11428,
180,ActuatedBed,11216,11460,
180,ActuatedBed,11216,11485,
180,ActuatedBed,11216,11502,
180,ActuatedBed,11216,11514,
180,ActuatedBed,11216,11532,
180,ActuatedBed,11216,11544,
180,ActuatedBed,11216,11559,
180,ActuatedBed,11216,11588,
180,ActuatedBed,11216,11603,
180,ActuatedBed,11216,11628,
180,ActuatedBed,11216,11658,
180,ActuatedBed,11216,11682,
180,ActuatedBed,11216,11700,
180,ActuatedBed,11216,11712,
180,ActuatedBed,11216,11739,
180,ActuatedBed,11216,11751,
180,ActuatedBed,11216,11768,
180,ActuatedBed,11216,11781,
180,ActuatedBed,11216,11793,
180,ActuatedBed,11216,11810,
180,ActuatedBed,11216,11823,
180,ActuatedBed,11216,11838,
180,ActuatedBed,11216,11850,
180,ActuatedBed,11216,11863,
180,ActuatedBed,11216,11892,
180,ActuatedBed,11216,11907,
180,ActuatedBed,11216,11919,
180,ActuatedBed,11216,11936,
180,ActuatedBed,11216,11949,
180,ActuatedBed,11216,11961,
180,ActuatedBed,11216,11978,
180,ActuatedBed,11216,11991,
180,ActuatedBed,11216,12003,
180,ActuatedBed,11216,12017,
180,ActuatedBed,11216,12047,
180,ActuatedBed,11216,12059,
180,ActuatedBed,11216,12071,
180,ActuatedBed,11216,12087,
180,ActuatedBed,11216,12099,
180,ActuatedBed,11216,12116,
180,ActuatedBed,11216,12129,
180,ActuatedBed,11216,12141,
180,ActuatedBed,11216,12158,
180,ActuatedBed,11216,12171,
180,ActuatedBed,11216,12197,
180,ActuatedBed,11216,12210,
180,ActuatedBed,11216,12227,
180,ActuatedBed,11216,12239,
180,ActuatedBed,11216,12257,
180,ActuatedBed,11216,12269,
180,ActuatedBed,11216,12281,
180,ActuatedBed,11216,12296,
180,ActuatedBed,11216,12308,
180,ActuatedBed,11216,12325,
180,ActuatedBed,11216,12350,
180,ActuatedBed,11216,12365,
180,ActuatedBed,11216,12383,
180,ActuatedBed,11216,12395,
180,ActuatedBed,11216,12407,
180,ActuatedBed,11216,12420,
180,ActuatedBed,11216,12437,
180,ActuatedBed,11216,12449,
180,ActuatedBed,11216,12462,
180,ActuatedBed,11216,12474,
180,ActuatedBed,11216,12500,
180,ActuatedBed,11216,12518,
180,ActuatedBed,11216,12530,
180,ActuatedBed,11216,12548,
180,ActuatedBed,11216,12560,
180,ActuatedBed,11216,12572,
180,ActuatedBed,11216,12587,
180,ActuatedBed,11216,12599,
180,ActuatedBed,11216,12616,
180,ActuatedBed,11216,12628,
180,ActuatedBed,11216,12656,
180,ActuatedBed,11216,12668,
180,ActuatedBed,11216,12686,
180,ActuatedBed,11216,12698,
180,ActuatedBed,11216,12710,
180,ActuatedBed,11216,12728,
180,ActuatedBed,11216,12740,
180,ActuatedBed,11216,12752,
180,ActuatedBed,11216,12767,
180,ActuatedBed,11216,12779,
180,ActuatedBed,11216,12809,
180,ActuatedBed,11216,12826,
180,ActuatedBed,11216,12838,
180,ActuatedBed,11216,12851,
180,ActuatedBed,11216,12865,
180,ActuatedBed,11216,12877,
180,ActuatedBed,11216,12891,
180,ActuatedBed,11216,12907,
180,ActuatedBed,11216,12919,
180,ActuatedBed,11216,12935,
180,ActuatedBed,11216,12964,
180,ActuatedBed,11216,12977,
180,ActuatedBed,11216,12989,
180,ActuatedBed,11216,13006,
180,ActuatedBed,11216,13019,
180,ActuatedBed,11216,13031,
180,ActuatedBed,11216,13045,
180,ActuatedBed,11216,13058,
180,ActuatedBed,11216,13075,
180,ActuatedBed,11216,13087,
180,ActuatedBed,11216,13115,
180,ActuatedBed,11216,13127,
180,ActuatedBed,11216,13144,
180,ActuatedBed,11216,13156,
180,ActuatedBed,11216,13169,
180,ActuatedBed,11216,13186,
180,ActuatedBed,11216,13198,
180,ActuatedBed,11216,13213,
180,ActuatedBed,11216,13225,
180,ActuatedBed,11216,13238,
180,ActuatedBed,11216,13267,
180,ActuatedBed,11216,13285,
180,ActuatedBed,11216,13297,
180,ActuatedBed,11216,13309,
180,ActuatedBed,11216,13324,
180,ActuatedBed,11216,13336,
180,ActuatedBed,11216,13348,
180,ActuatedBed,11216,13366,
180,ActuatedBed,11216,13378,
180,ActuatedBed,11216,13393,
180,ActuatedBed,11216,13418,
180,ActuatedBed,11216,13434,
180,ActuatedBed,11216,13448,
180,ActuatedBed,11216,13464,
180,ActuatedBed,11216,13476,
180,ActuatedBed,11216,13492,
180,ActuatedBed,11216,13504,
180,ActuatedBed,11216,13516,
180,ActuatedBed,11216,13529,
180,ActuatedBed,11216,13546,
180,ActuatedBed,11216,13576,
180,ActuatedBed,11216,13588,
180,ActuatedBed,11216,13600,
180,ActuatedBed,11216,13615,
180,ActuatedBed,11216,13627,
180,ActuatedBed,11216,13644,
180,ActuatedBed,11216,13657,
180,ActuatedBed,11216,13672,
180,ActuatedBed,11216,13684,
180,ActuatedBed,11216,13697,
180,ActuatedBed,11216,13726,
180,ActuatedBed,11216,13739,
180,ActuatedBed,11216,13755,
180,ActuatedBed,11216,13767,
180,ActuatedBed,11216,13783,
180,ActuatedBed,11216,13795,
180,ActuatedBed,11216,13807,
180,ActuatedBed,11216,13825,
180,ActuatedBed,11216,13837,
180,ActuatedBed,11216,13854,
180,ActuatedBed,11216,13879,
180,ActuatedBed,11216,13893,
180,ActuatedBed,11216,13905,
180,ActuatedBed,11216,13923,
180,ActuatedBed,11216,13935,
180,ActuatedBed,11216,13947,
180,ActuatedBed,11216,13963,
180,ActuatedBed,11216,13975,
180,ActuatedBed,11216,13997,
180,ActuatedBed,11216,14021,
180,ActuatedBed,11216,14046,
180,ActuatedBed,11216,14061,
180,ActuatedBed,11216,14073,
180,ActuatedBed,11216,14086,
180,ActuatedBed,11216,14103,
180,ActuatedBed,11216,14115,
180,ActuatedBed,11216,14128,
180,ActuatedBed,11216,14142,
180,ActuatedBed,11216,14154,
180,ActuatedBed,11216,14167,
180,ActuatedBed,11216,14196,
180,ActuatedBed,11216,14214,
180,ActuatedBed,11216,14226,
180,ActuatedBed,11216,14241,
180,ActuatedBed,11216,14254,
180,ActuatedBed,11216,14266,
180,ActuatedBed,11216,14283,
180,ActuatedBed,11216,14296,
180,ActuatedBed,11216,14308,
180,ActuatedBed,11216,14325,
180,ActuatedBed,11216,14352,
180,ActuatedBed,11216,14364,
180,ActuatedBed,11216,14382,
180,ActuatedBed,11216,14394,
180,ActuatedBed,11216,14406,
180,ActuatedBed,11216,14418,
180,ActuatedBed,11216,14433,
180,ActuatedBed,11216,14445,
180,ActuatedBed,11216,14462,
180,ActuatedBed,11216,14475,
180,ActuatedBed,11216,14504,
180,ActuatedBed,11216,14517,
180,ActuatedBed,11216,14532,
180,ActuatedBed,11216,14544,
180,ActuatedBed,11216,14562,
180,ActuatedBed,11216,14574,
180,ActuatedBed,11216,14590,
180,ActuatedBed,11216,14604,
180,ActuatedBed,11216,14616,
180,ActuatedBed,11216,14628,
180,ActuatedBed,11216,14655,
180,ActuatedBed,11216,14667,
180,ActuatedBed,11216,14685,
180,ActuatedBed,11216,14697,
180,ActuatedBed,11216,14711,
180,ActuatedBed,11216,14724,
180,ActuatedBed,11216,14741,
180,ActuatedBed,11216,14753,
180,ActuatedBed,11216,14766,
180,ActuatedBed,11216,14783,
180,ActuatedBed,11216,14811,
180,ActuatedBed,11216,14823,
180,ActuatedBed,11216,14835,
180,ActuatedBed,11216,14853,
180,ActuatedBed,11216,14865,
180,ActuatedBed,11216,14882,
180,ActuatedBed,11216,14895,
180,ActuatedBed,11216,14907,
180,ActuatedBed,11216,14921,
180,ActuatedBed,11216,14934,
180,ActuatedBed,11216,14963,
180,ActuatedBed,11216,14976,
180,ActuatedBed,11216,14990,
180,ActuatedBed,11216,15002,
180,ActuatedBed,11216,15015,
180,ActuatedBed,11216,15032,
180,ActuatedBed,11216,15044,
180,ActuatedBed,11216,15062,
180,ActuatedBed,11216,15074,
180,ActuatedBed,11216,15086,
180,ActuatedBed,11216,15114,
180,ActuatedBed,11216,15131,
180,ActuatedBed,11216,15143,
180,ActuatedBed,11216,15156,
180,ActuatedBed,11216,15170,
180,ActuatedBed,11216,15182,
180,ActuatedBed,11216,15200,
180,ActuatedBed,11216,15212,
180,ActuatedBed,11216,15224,
180,ActuatedBed,11216,15242,
180,ActuatedBed,11216,15268,
180,ActuatedBed,11216,15282,
180,ActuatedBed,11216,15294,
180,ActuatedBed,11216,15310,
180,ActuatedBed,11216,15323,
180,ActuatedBed,11216,15335,
180,ActuatedBed,11216,15352,
180,ActuatedBed,11216,15365,
180,ActuatedBed,11216,15380,
180,ActuatedBed,11216,15392,
180,ActuatedBed,11216,15422,
180,ActuatedBed,11216,15434,
180,ActuatedBed,11216,15449,
180,ActuatedBed,11216,15461,
180,ActuatedBed,11216,15473,
180,ActuatedBed,11216,15491,
180,ActuatedBed,11216,15503,
180,ActuatedBed,11216,15520,
180,ActuatedBed,11216,15533,
180,ActuatedBed,11216,15545,
180,ActuatedBed,11216,15572,
180,ActuatedBed,11216,15589,
180,ActuatedBed,11216,15601,
180,ActuatedBed,11216,15613,
180,ActuatedBed,11216,15631,
180,ActuatedBed,11216,15643,
180,ActuatedBed,11216,15659,
180,ActuatedBed,11216,15671,
180,ActuatedBed,11216,15688,
180,ActuatedBed,11216,15700,
180,ActuatedBed,11216,15725,
180,ActuatedBed,11216,15739,
180,ActuatedBed,11216,15752,
180,ActuatedBed,11216,15764,
180,ActuatedBed,11216,15781,
180,ActuatedBed,11216,15794,
180,ActuatedBed,11216,15811,
180,ActuatedBed,11216,15823,
180,ActuatedBed,11216,15839,
180,ActuatedBed,11216,15851,
180,ActuatedBed,11216,15880,
180,ActuatedBed,11216,15893,
180,ActuatedBed,11216,15905,
180,ActuatedBed,11216,15922,
180,ActuatedBed,11216,15932,
180,ActuatedBed,11216,15949,
180,ActuatedBed,11216,15962,
180,ActuatedBed,11216,15974,
180,ActuatedBed,11216,15991,
180,ActuatedBed,11216,16004,
180,ActuatedBed,11216,16030,
180,ActuatedBed,11216,16043,
180,ActuatedBed,11216,16060,
180,ActuatedBed,11216,16072,
180,ActuatedBed,11216,16090,
180,ActuatedBed,11216,16102,
180,ActuatedBed,11216,16114,
180,ActuatedBed,11216,16130,
180,ActuatedBed,11216,16142,
180,ActuatedBed,11216,16158,
180,ActuatedBed,11216,16184,
180,ActuatedBed,11216,16198,
180,ActuatedBed,11216,16210,
180,ActuatedBed,11216,16228,
180,ActuatedBed,11216,16240,
180,ActuatedBed,11216,16252,
180,ActuatedBed,11216,16270,
180,ActuatedBed,11216,16282,
180,ActuatedBed,11216,16294,
180,ActuatedBed,11216,16309,
180,ActuatedBed,11216,16338,
180,ActuatedBed,11216,16356,
180,ActuatedBed,11216,16380,
180,ActuatedBed,11216,16393,
180,ActuatedBed,11216,16405,
180,ActuatedBed,11216,16420,
180,ActuatedBed,11216,16433,
180,ActuatedBed,11216,16450,
180,ActuatedBed,11216,16462,
180,ActuatedBed,11216,16489,
180,ActuatedBed,11216,16501,
180,ActuatedBed,11216,16519,
180,ActuatedBed,11216,16531,
180,ActuatedBed,11216,16548,
180,ActuatedBed,11216,16561,
180,ActuatedBed,11216,16573,
180,ActuatedBed,11216,16587,
180,ActuatedBed,11216,16600,
180,ActuatedBed,11216,16617,
180,ActuatedBed,11216,16642,
180,ActuatedBed,11216,16659,
180,ActuatedBed,11216,16671,
180,ActuatedBed,11216,16684,
180,ActuatedBed,11216,16699,
180,ActuatedBed,11216,16711,
180,ActuatedBed,11216,16729,
180,ActuatedBed,11216,16741,
180,ActuatedBed,11216,16753,
180,ActuatedBed,11216,16768,
180,ActuatedBed,11216,16797,
180,ActuatedBed,11216,16815,
180,ActuatedBed,11216,16827,
180,ActuatedBed,11216,16839,
180,ActuatedBed,11216,16851,
180,ActuatedBed,11216,16864,
180,ActuatedBed,11216,16878,
180,ActuatedBed,11216,16890,
180,ActuatedBed,11216,16908,
180,ActuatedBed,11216,16920,
180,ActuatedBed,11216,16950,
180,ActuatedBed,11216,16960,
180,ActuatedBed,11216,16977,
180,ActuatedBed,11216,16990,
180,ActuatedBed,11216,17002,
180,ActuatedBed,11216,17019,
180,ActuatedBed,11216,17032,
180,ActuatedBed,11216,17046,
180,ActuatedBed,11216,17058,
180,ActuatedBed,11216,17071,
180,ActuatedBed,11216,17100,
180,ActuatedBed,11216,17118,
180,ActuatedBed,11216,17130,
180,ActuatedBed,11216,17142,
180,ActuatedBed,11216,17157,
180,ActuatedBed,11216,17169,
180,ActuatedBed,11216,17186,
180,ActuatedBed,11216,17199,
180,ActuatedBed,23226,23238,
180,ActuatedBed,23226,23250,
180,ActuatedBed,23226,23268,
180,ActuatedBed,23226,23280,
180,ActuatedBed,23226,23292,
180,ActuatedBed,23226,23310,
180,ActuatedBed,23226,23322,
180,ActuatedBed,23226,23336,
180,ActuatedBed,23226,23361,
180,ActuatedBed,23226,23378,
180,ActuatedBed,23226,23391,
180,ActuatedBed,23226,23406,
180,ActuatedBed,23226,23418,
180,ActuatedBed,23226,23431,
180,ActuatedBed,23226,23448,
180,ActuatedBed,23226,23460,
180,ActuatedBed,23226,23478,
180,ActuatedBed,23226,23490,
180,ActuatedBed,23226,23517,
180,ActuatedBed,23226,23529,
180,ActuatedBed,23226,23546,
180,ActuatedBed,23226,23559,
180,ActuatedBed,23226,23571,
180,ActuatedBed,23226,23588,
180,ActuatedBed,23226,23601,
180,ActuatedBed,23226,23613,
180,ActuatedBed,23226,23627,
180,ActuatedBed,23226,23640,
180,ActuatedBed,23226,23669,
180,ActuatedBed,23226,23682,
180,ActuatedBed,23226,23697,
180,ActuatedBed,23226,23709,
180,ActuatedBed,23226,23721,
180,ActuatedBed,23226,23739,
180,ActuatedBed,23226,23751,
180,ActuatedBed,23226,23769,
180,ActuatedBed,23226,23781,
180,ActuatedBed,23226,23795,
180,ActuatedBed,23226,23820,
180,ActuatedBed,23226,23837,
180,ActuatedBed,23226,23849,
180,ActuatedBed,23226,23862,
180,ActuatedBed,23226,23879,
180,ActuatedBed,23226,23889,
180,ActuatedBed,23226,23906,
180,ActuatedBed,23226,23918,
180,ActuatedBed,23226,23930,
180,ActuatedBed,23226,23948,
180,ActuatedBed,23226,23975,
180,ActuatedBed,23226,23988,
180,ActuatedBed,23226,24000,
180,ActuatedBed,23226,24017,
180,ActuatedBed,23226,24030,
180,ActuatedBed,23226,24047,
180,ActuatedBed,23226,24059,
180,ActuatedBed,23226,24072,
180,ActuatedBed,23226,24086,
180,ActuatedBed,23226,24098,
180,ActuatedBed,23226,24128,
180,ActuatedBed,23226,24140,
180,ActuatedBed,23226,24156,
180,ActuatedBed,23226,24168,
180,ActuatedBed,23226,24184,
180,ActuatedBed,23226,24197,
180,ActuatedBed,23226,24209,
180,ActuatedBed,23226,24226,
180,ActuatedBed,23226,24239,
180,ActuatedBed,23226,24251,
180,ActuatedBed,23226,24279,
180,ActuatedBed,23226,24296,
180,ActuatedBed,23226,24326,
180,ActuatedBed,23226,24340,
180,ActuatedBed,23226,24352,
180,ActuatedBed,23226,24387,
180,ActuatedBed,23226,24409,
180,ActuatedBed,23226,24422,
180,ActuatedBed,23226,24456,
180,ActuatedBed,23226,24468,
180,ActuatedBed,23226,24483,
180,ActuatedBed,23226,24501,
180,ActuatedBed,23226,24513,
180,ActuatedBed,23226,24525,
180,ActuatedBed,23226,24542,
180,ActuatedBed,23226,24554,
180,ActuatedBed,23226,24569,
180,ActuatedBed,23226,24582,
180,ActuatedBed,23226,24611,
180,ActuatedBed,23226,24624,
180,ActuatedBed,23226,24641,
180,ActuatedBed,23226,24653,
180,ActuatedBed,23226,24668,
180,ActuatedBed,23226,24680,
180,ActuatedBed,23226,24705,
180,ActuatedBed,23226,24722,
180,ActuatedBed,23226,24737,
180,ActuatedBed,23226,24767,
180,ActuatedBed,23226,24779,
180,ActuatedBed,23226,24792,
180,ActuatedBed,23226,24808,
180,ActuatedBed,23226,24820,
180,ActuatedBed,23226,24834,
180,ActuatedBed,23226,24848,
180,ActuatedBed,23226,24860,
180,ActuatedBed,23226,24878,
180,ActuatedBed,23226,24895,
180,ActuatedBed,23226,24916,
180,ActuatedBed,23226,24929,
180,ActuatedBed,23226,24941,
180,ActuatedBed,23226,24958,
180,ActuatedBed,23226,24971,
180,ActuatedBed,23226,24988,
180,ActuatedBed,23226,25000,
180,ActuatedBed,23226,25016,
180,ActuatedBed,23226,25040,
180,ActuatedBed,23226,25058,
180,ActuatedBed,23226,25082,
180,ActuatedBed,23226,25099,
180,ActuatedBed,23226,25112,
180,ActuatedBed,23226,25124,
180,ActuatedBed,23226,25139,
180,ActuatedBed,23226,25156,
180,ActuatedBed,23226,25168,
180,ActuatedBed,23226,25181,
180,ActuatedBed,23226,25193,
180,ActuatedBed,23226,25207,
180,ActuatedBed,23226,25237,
180,ActuatedBed,23226,25249,
180,ActuatedBed,23226,25262,
180,ActuatedBed,23226,25279,
180,ActuatedBed,23226,25291,
180,ActuatedBed,23226,25307,
180,ActuatedBed,23226,25319,
180,ActuatedBed,23226,25331,
180,ActuatedBed,23226,25349,
180,ActuatedBed,23226,25361,
180,ActuatedBed,23226,25391,
180,ActuatedBed,23226,25403,
180,ActuatedBed,23226,25417,
180,ActuatedBed,23226,25430,
180,ActuatedBed,23226,25447,
180,ActuatedBed,23226,25459,
180,ActuatedBed,23226,25472,
180,ActuatedBed,23226,25486,
180,ActuatedBed,23226,25498,
180,ActuatedBed,23226,25516,
180,ActuatedBed,23226,25540,
180,ActuatedBed,23226,25558,
180,ActuatedBed,23226,25570,
180,ActuatedBed,23226,25582,
180,ActuatedBed,23226,25597,
180,ActuatedBed,23226,25610,
180,ActuatedBed,23226,25627,
180,ActuatedBed,23226,25639,
180,ActuatedBed,23226,25652,
180,ActuatedBed,23226,25669,
180,ActuatedBed,23226,25696,
180,ActuatedBed,23226,25708,
180,ActuatedBed,23226,25720,
180,ActuatedBed,23226,25738,
180,ActuatedBed,23226,25750,
180,ActuatedBed,23226,25764,
180,ActuatedBed,23226,25777,
180,ActuatedBed,23226,25790,
180,ActuatedBed,23226,25811,
180,ActuatedBed,23226,25836,
180,ActuatedBed,23226,25864,
180,ActuatedBed,23226,25876,
180,ActuatedBed,23226,25888,
180,ActuatedBed,23226,25901,
180,ActuatedBed,23226,25918,
180,ActuatedBed,23226,25930,
180,ActuatedBed,23226,25945,
180,ActuatedBed,23226,25957,
180,ActuatedBed,23226,25974,
180,ActuatedBed,23226,25987,
180,ActuatedBed,23226,26016,
180,ActuatedBed,23226,26029,
180,ActuatedBed,23226,26041,
180,ActuatedBed,23226,26056,
180,ActuatedBed,23226,26068,
180,ActuatedBed,23226,26085,
180,ActuatedBed,23226,26097,
180,ActuatedBed,23226,26109,
180,ActuatedBed,23226,26127,
180,ActuatedBed,23226,26139,
180,ActuatedBed,23226,26167,
180,ActuatedBed,23226,26179,
180,ActuatedBed,23226,26196,
180,ActuatedBed,23226,26209,
180,ActuatedBed,23226,26221,
180,ActuatedBed,23226,26235,
180,ActuatedBed,23226,26253,
180,ActuatedBed,23226,26265,
180,ActuatedBed,23226,26277,
180,ActuatedBed,23226,26290,
180,ActuatedBed,23226,26319,
180,ActuatedBed,23226,26332,
180,ActuatedBed,23226,26347,
180,ActuatedBed,23226,26359,
180,ActuatedBed,23226,26376,
180,ActuatedBed,23226,26388,
180,ActuatedBed,23226,26405,
180,ActuatedBed,23226,26418,
180,ActuatedBed,23226,26430,
180,ActuatedBed,23226,26445,
180,ActuatedBed,23226,26475,
180,ActuatedBed,23226,26487,
180,ActuatedBed,23226,26500,
180,ActuatedBed,23226,26514,
180,ActuatedBed,23226,26526,
180,ActuatedBed,23226,26539,
180,ActuatedBed,23226,26556,
180,ActuatedBed,23226,26568,
180,ActuatedBed,23226,26586,
180,ActuatedBed,23226,26598,
180,ActuatedBed,23226,26626,
180,ActuatedBed,23226,26638,
180,ActuatedBed,23226,26654,
180,ActuatedBed,23226,26667,
180,ActuatedBed,23226,26680,
180,ActuatedBed,23226,26696,
180,ActuatedBed,23226,26708,
180,ActuatedBed,23226,26724,
180,ActuatedBed,23226,26736,
180,ActuatedBed,23226,26748,
180,ActuatedBed,23226,26778,
180,ActuatedBed,23226,26792,
180,ActuatedBed,23226,26805,
180,ActuatedBed,23226,26817,
180,ActuatedBed,23226,26834,
180,ActuatedBed,23226,26847,
180,ActuatedBed,23226,26864,
180,ActuatedBed,23226,26876,
180,ActuatedBed,23226,26904,
180,ActuatedBed,23226,26916,
180,ActuatedBed,23226,26946,
180,ActuatedBed,23226,26958,
180,ActuatedBed,23226,26973,
180,ActuatedBed,23226,26985,
180,ActuatedBed,23226,26997,
180,ActuatedBed,23226,27015,
180,ActuatedBed,23226,27027,
180,ActuatedBed,23226,27044,
180,ActuatedBed,23226,27057,
180,ActuatedBed,23226,27069,
180,ActuatedBed,23226,27096,
180,ActuatedBed,23226,27113,
180,ActuatedBed,23226,27125,
180,ActuatedBed,23226,27138,
180,ActuatedBed,23226,27155,
180,ActuatedBed,23226,27167,
180,ActuatedBed,23226,27180,
180,ActuatedBed,23226,27195,
180,ActuatedBed,23226,27207,
180,ActuatedBed,23226,27225,
180,ActuatedBed,23226,27251,
180,ActuatedBed,23226,27264,
180,ActuatedBed,23226,27276,
180,ActuatedBed,23226,27293,
180,ActuatedBed,23226,27305,
180,ActuatedBed,23226,27318,
180,ActuatedBed,23226,27335,
180,ActuatedBed,23226,27347,
180,ActuatedBed,23226,27362,
180,ActuatedBed,23226,27374,
180,ActuatedBed,23226,27404,
180,ActuatedBed,23226,27416,
180,ActuatedBed,23226,27428,
180,ActuatedBed,23226,27446,
180,ActuatedBed,23226,27458,
180,ActuatedBed,23226,27473,
180,ActuatedBed,23226,27486,
180,ActuatedBed,23226,27498,
180,ActuatedBed,23226,27515,
180,ActuatedBed,23226,27528,
180,ActuatedBed,23226,27554,
180,ActuatedBed,23226,27567,
180,ActuatedBed,23226,27584,
180,ActuatedBed,23226,27596,
180,ActuatedBed,23226,27614,
180,ActuatedBed,23226,27626,
180,ActuatedBed,23226,27638,
180,ActuatedBed,23226,27653,
180,ActuatedBed,23226,27665,
180,ActuatedBed,23226,27682,
180,ActuatedBed,23226,27712,
180,ActuatedBed,23226,27724,
180,ActuatedBed,23226,27737,
180,ActuatedBed,23226,27752,
180,ActuatedBed,23226,27764,
180,ActuatedBed,23226,27777,
180,ActuatedBed,23226,27794,
180,ActuatedBed,23226,27806,
180,ActuatedBed,23226,27821,
180,ActuatedBed,23226,27833,
180,ActuatedBed,23226,27863,
180,ActuatedBed,23226,27875,
180,ActuatedBed,23226,27887,
180,ActuatedBed,23226,27905,
180,ActuatedBed,23226,27917,
180,ActuatedBed,23226,27931,
180,ActuatedBed,23226,27943,
180,ActuatedBed,23226,27961,
180,ActuatedBed,23226,27973,
180,ActuatedBed,23226,27985,
180,ActuatedBed,23226,28013,
180,ActuatedBed,23226,28025,
180,ActuatedBed,23226,28043,
180,ActuatedBed,23226,28055,
180,ActuatedBed,23226,28072,
180,ActuatedBed,23226,28085,
180,ActuatedBed,23226,28097,
180,ActuatedBed,23226,28111,
180,ActuatedBed,23226,28124,
180,ActuatedBed,23226,28141,
180,ActuatedBed,23226,28166,
180,ActuatedBed,23226,28183,
180,ActuatedBed,23226,28195,
180,ActuatedBed,23226,28208,
180,ActuatedBed,23226,28222,
180,ActuatedBed,23226,28234,
180,ActuatedBed,23226,28252,
180,ActuatedBed,23226,28264,
180,ActuatedBed,23226,28279,
180,ActuatedBed,23226,28292,
180,ActuatedBed,23226,28321,
180,ActuatedBed,23226,28334,
180,ActuatedBed,23226,28346,
180,ActuatedBed,23226,28363,
180,ActuatedBed,23226,28376,
180,ActuatedBed,23226,28390,
180,ActuatedBed,23226,28402,
180,ActuatedBed,23226,28420,
180,ActuatedBed,23226,28432,
180,ActuatedBed,23226,28444,
180,ActuatedBed,23226,28474,
180,ActuatedBed,23226,28488,
180,ActuatedBed,23226,28514,
180,ActuatedBed,23226,28526,
180,ActuatedBed,23226,28542,
180,ActuatedBed,23226,28555,
180,ActuatedBed,23226,28567,
180,ActuatedBed,23226,28582,
180,ActuatedBed,23226,28595,
180,ActuatedBed,23226,28624,
180,ActuatedBed,32403,32415,
180,ActuatedBed,32403,32433,
180,ActuatedBed,32403,32457,
180,ActuatedBed,32403,32470,
180,ActuatedBed,32403,32487,
180,ActuatedBed,32403,32499,
180,ActuatedBed,32403,32514,
180,ActuatedBed,32403,32526,
180,ActuatedBed,32403,32539,
180,ActuatedBed,32403,32556,
180,ActuatedBed,32403,32573,
180,ActuatedBed,32403,32598,
180,ActuatedBed,32403,32625,
180,ActuatedBed,32403,32637,
180,ActuatedBed,32403,32650,
180,ActuatedBed,32403,32667,
180,ActuatedBed,32403,32679,
180,ActuatedBed,32403,32699,
180,ActuatedBed,32403,32718,
180,ActuatedBed,32403,32736,
180,ActuatedBed,32403,32748,
180,ActuatedBed,32403,32778,
180,ActuatedBed,32403,32790,
180,ActuatedBed,32403,32804,
180,ActuatedBed,32403,32818,
180,ActuatedBed,32403,32834,
180,ActuatedBed,32403,32846,
180,ActuatedBed,32403,32859,
180,ActuatedBed,32403,32874,
180,ActuatedBed,32403,32886,
180,ActuatedBed,32403,32904,
180,ActuatedBed,32403,32928,
180,ActuatedBed,32403,32946,
180,ActuatedBed,32403,32958,
180,ActuatedBed,32403,32972,
180,ActuatedBed,32403,32985,
180,ActuatedBed,32403,32997,
180,ActuatedBed,32403,33014,
180,ActuatedBed,32403,33027,
180,ActuatedBed,32403,33044,
180,ActuatedBed,32403,33056,
180,ActuatedBed,32403,33084,
180,ActuatedBed,32403,33096,
180,ActuatedBed,32403,33108,
180,ActuatedBed,32403,33125,
180,ActuatedBed,32403,33137,
180,ActuatedBed,32403,33153,
180,ActuatedBed,32403,33165,
180,ActuatedBed,32403,33177,
180,ActuatedBed,32403,33195,
180,ActuatedBed,32403,33207,
180,ActuatedBed,32403,33236,
180,ActuatedBed,32403,33249,
180,ActuatedBed,32403,33263,
180,ActuatedBed,32403,33275,
180,ActuatedBed,32403,33293,
180,ActuatedBed,32403,33305,
180,ActuatedBed,32403,33317,
180,ActuatedBed,32403,33335,
180,ActuatedBed,32403,33347,
180,ActuatedBed,32403,33362,
180,ActuatedBed,32403,33387,
180,ActuatedBed,32403,33403,
180,ActuatedBed,32403,33416,
180,ActuatedBed,32403,33429,
180,ActuatedBed,32403,33443,
180,ActuatedBed,32403,33456,
180,ActuatedBed,32403,33473,
180,ActuatedBed,32403,33485,
180,ActuatedBed,32403,33498,
180,ActuatedBed,32403,33515,
180,ActuatedBed,32403,33542,
180,ActuatedBed,32403,33554,
180,ActuatedBed,32403,33566,
180,ActuatedBed,32403,33584,
180,ActuatedBed,32403,33596,
180,ActuatedBed,32403,33613,
180,ActuatedBed,32403,33626,
180,ActuatedBed,32403,33638,
180,ActuatedBed,32403,33653,
180,ActuatedBed,32403,33666,
180,ActuatedBed,32403,33694,
180,ActuatedBed,32403,33710,
180,ActuatedBed,32403,33722,
180,ActuatedBed,32403,33734,
180,ActuatedBed,32403,33746,
180,ActuatedBed,32403,33764,
180,ActuatedBed,32403,33776,
180,ActuatedBed,32403,33788,
180,ActuatedBed,32403,33806,
180,ActuatedBed,32403,33818,
180,ActuatedBed,32403,33845,
180,ActuatedBed,32403,33857,
180,ActuatedBed,32403,33874,
180,ActuatedBed,32403,33887,
180,ActuatedBed,32403,33902,
180,ActuatedBed,32403,33914,
180,ActuatedBed,32403,33927,
180,ActuatedBed,32403,33944,
180,ActuatedBed,32403,33956,
180,ActuatedBed,32403,33974,
180,ActuatedBed,32403,33998,
180,ActuatedBed,32403,34013,
180,ActuatedBed,32403,34025,
180,ActuatedBed,32403,34037,
180,ActuatedBed,32403,34055,
180,ActuatedBed,32403,34067,
180,ActuatedBed,32403,34084,
180,ActuatedBed,32403,34097,
180,ActuatedBed,32403,34111,
180,ActuatedBed,32403,34123,
180,ActuatedBed,32403,34153,
180,ActuatedBed,32403,34165,
180,ActuatedBed,32403,34178,
180,ActuatedBed,32403,34193,
180,ActuatedBed,32403,34205,
180,ActuatedBed,32403,34223,
180,ActuatedBed,32403,34235,
180,ActuatedBed,32403,34247,
180,ActuatedBed,32403,34265,
180,ActuatedBed,32403,34277,
180,ActuatedBed,32403,34304,
180,ActuatedBed,32403,34316,
180,ActuatedBed,32403,34333,
180,ActuatedBed,32403,34345,
180,ActuatedBed,32403,34363,
180,ActuatedBed,32403,34375,
180,ActuatedBed,32403,34387,
180,ActuatedBed,32403,34402,
180,ActuatedBed,32403,34414,
180,ActuatedBed,32403,34426,
180,ActuatedBed,32403,34456,
180,ActuatedBed,32403,34471,
180,ActuatedBed,32403,34484,
180,ActuatedBed,32403,34496,
180,ActuatedBed,32403,34513,
180,ActuatedBed,32403,34526,
180,ActuatedBed,32403,34543,
180,ActuatedBed,32403,34555,
180,ActuatedBed,32403,34568,
180,ActuatedBed,32403,34582,
180,ActuatedBed,32403,34612,
180,ActuatedBed,32403,34624,
180,ActuatedBed,32403,34636,
180,ActuatedBed,32403,34654,
180,ActuatedBed,32403,34666,
180,ActuatedBed,32403,34680,
180,ActuatedBed,32403,34693,
180,ActuatedBed,32403,34705,
180,ActuatedBed,32403,34722,
180,ActuatedBed,32403,34735,
180,ActuatedBed,32403,34762,
180,ActuatedBed,32403,34775,
180,ActuatedBed,32403,34792,
180,ActuatedBed,32403,34809,
180,ActuatedBed,32403,34822,
180,ActuatedBed,32403,34834,
180,ActuatedBed,32403,34846,
180,ActuatedBed,32403,34861,
180,ActuatedBed,32403,34873,
180,ActuatedBed,32403,34885,
180,ActuatedBed,32403,34915,
180,ActuatedBed,32403,34930,
180,ActuatedBed,32403,34942,
180,ActuatedBed,32403,34955,
180,ActuatedBed,32403,34971,
180,ActuatedBed,32403,34983,
180,ActuatedBed,32403,35001,
180,ActuatedBed,32403,35013,
180,ActuatedBed,32403,35025,
180,ActuatedBed,32403,35041,
180,ActuatedBed,32403,35070,
180,ActuatedBed,32403,35083,
180,ActuatedBed,32403,35095,
180,ActuatedBed,32403,35112,
270,ActuatedBed,84652,84666,
270,ActuatedBed,84652,84681,
270,ActuatedBed,84652,84694,
270,ActuatedBed,84652,84708,
270,ActuatedBed,84652,84720,
270,ActuatedBed,84652,84738,
270,ActuatedBed,84652,84750,
270,ActuatedBed,84652,84762,
270,ActuatedBed,84652,84776,
270,ActuatedBed,84652,84806,
270,ActuatedBed,84652,84818,
270,ActuatedBed,84652,84831,
270,ActuatedBed,84652,84848,
270,ActuatedBed,84652,84860,
270,ActuatedBed,84652,84876,
270,ActuatedBed,84652,84888,
270,ActuatedBed,84652,84900,
270,ActuatedBed,84652,84918,
270,ActuatedBed,84652,84930,
270,ActuatedBed,84652,84960,
270,ActuatedBed,84652,84972,
270,ActuatedBed,84652,84986,
270,ActuatedBed,84652,84999,
270,ActuatedBed,84652,85011,
270,ActuatedBed,84652,85028,
270,ActuatedBed,84652,85041,
270,ActuatedBed,84652,85055,
270,ActuatedBed,84652,85068,
270,ActuatedBed,84652,85081,
270,ActuatedBed,84652,85109,
270,ActuatedBed,84652,85127,
270,ActuatedBed,84652,85139,
270,ActuatedBed,84652,85151,
270,ActuatedBed,84652,85167,
270,ActuatedBed,84652,85179,
270,ActuatedBed,84652,85191,
270,ActuatedBed,84652,85209,
270,ActuatedBed,84652,85221,
270,ActuatedBed,84652,85235,
270,ActuatedBed,84652,85260,
270,ActuatedBed,84652,85277,
270,ActuatedBed,84652,85289,
270,ActuatedBed,84652,85307,
270,ActuatedBed,84652,85319,
270,ActuatedBed,84652,85331,
270,ActuatedBed,84652,85347,
270,ActuatedBed,84652,85376,
270,ActuatedBed,84652,85388,
270,ActuatedBed,84652,85417,
270,ActuatedBed,84652,85430,
270,ActuatedBed,84652,85445,
270,ActuatedBed,84652,85457,
270,ActuatedBed,84652,85470,
270,ActuatedBed,84652,85487,
270,ActuatedBed,84652,85499,
270,ActuatedBed,84652,85512,
270,ActuatedBed,84652,85526,
270,ActuatedBed,84652,85543,
270,ActuatedBed,84652,85568,
270,ActuatedBed,84652,85580,
270,ActuatedBed,84652,85598,
270,ActuatedBed,84652,85610,
270,ActuatedBed,84652,85622,
270,ActuatedBed,84652,85638,
270,ActuatedBed,84652,85650,
270,ActuatedBed,84652,85666,
270,ActuatedBed,84652,85679,
270,ActuatedBed,84652,85696,
270,ActuatedBed,84652,85708,
270,ActuatedBed,84652,85736,
270,ActuatedBed,84652,85748,
270,ActuatedBed,84652,85761,
270,ActuatedBed,84652,85778,
270,ActuatedBed,84652,85790,
270,ActuatedBed,84652,85805,
270,ActuatedBed,84652,85817,
270,ActuatedBed,84652,85829,
270,ActuatedBed,84652,85847,
270,ActuatedBed,84652,85859,
270,ActuatedBed,84652,85889,
270,ActuatedBed,84652,85901,
270,ActuatedBed,84652,85916,
270,ActuatedBed,84652,85928,
270,ActuatedBed,84652,85945,
270,ActuatedBed,84652,85958,
270,ActuatedBed,84652,85970,
270,ActuatedBed,84652,85987,
270,ActuatedBed,84652,85999,
270,ActuatedBed,84652,86009,
270,ActuatedBed,84652,86039,
270,ActuatedBed,84652,86056,
270,ActuatedBed,84652,86069,
270,ActuatedBed,84652,86083,
270,ActuatedBed,84652,86095,
270,ActuatedBed,84652,86108,
270,ActuatedBed,84652,86125,
270,ActuatedBed,84652,86137,
270,ActuatedBed,84652,86150,
270,ActuatedBed,84652,86167,
270,ActuatedBed,84652,86195,
270,ActuatedBed,84652,86207,
270,ActuatedBed,84652,86219,
270,ActuatedBed,84652,86237,
270,ActuatedBed,84652,86249,
270,ActuatedBed,84652,86263,
270,ActuatedBed,84652,86276,
270,ActuatedBed,84652,86288,
270,ActuatedBed,84652,86305,
270,ActuatedBed,84652,86318,
270,ActuatedBed,84652,86347,
270,ActuatedBed,84652,86360,
270,ActuatedBed,84652,86374,
270,ActuatedBed,84652,86386,
270,ActuatedBed,84652,86404,
270,ActuatedBed,84652,86416,
270,ActuatedBed,84652,86428,
270,ActuatedBed,84652,86446,
270,ActuatedBed,84652,86458,
270,ActuatedBed,84652,86470,
270,ActuatedBed,84652,86498,
270,ActuatedBed,84652,86515,
270,ActuatedBed,84652,86528,
270,ActuatedBed,84652,86540,
270,ActuatedBed,84652,86554,
270,ActuatedBed,84652,86566,
270,ActuatedBed,84652,86579,
270,ActuatedBed,84652,86596,
270,ActuatedBed,84652,86608,
270,ActuatedBed,84652,86626,
270,ActuatedBed,84652,86652,
270,ActuatedBed,84652,86665,
270,ActuatedBed,84652,86677,
270,ActuatedBed,84652,86692,
270,ActuatedBed,84652,86707,
270,ActuatedBed,84652,86719,
270,ActuatedBed,84652,86736,
270,ActuatedBed,84652,86749,
270,ActuatedBed,84652,86761,
270,ActuatedBed,84652,86776,
270,ActuatedBed,84652,86806,
270,ActuatedBed,84652,86820,
270,ActuatedBed,84652,86833,
270,ActuatedBed,84652,86845,
270,ActuatedBed,84652,86862,
270,ActuatedBed,84652,86875,
270,ActuatedBed,84652,86887,
270,ActuatedBed,84652,86904,
270,ActuatedBed,84652,86917,
270,ActuatedBed,84652,86929,
270,ActuatedBed,84652,86956,
270,ActuatedBed,84652,86968,
270,ActuatedBed,84652,86993,
270,ActuatedBed,84652,87010,
270,ActuatedBed,84652,87027,
270,ActuatedBed,84652,87037,
270,ActuatedBed,84652,87055,
270,ActuatedBed,84652,87067,
270,ActuatedBed,84652,87079,
270,ActuatedBed,84652,87109,
270,ActuatedBed,84652,87123,
270,ActuatedBed,84652,87136,
270,ActuatedBed,84652,87148,
270,ActuatedBed,84652,87165,
270,ActuatedBed,84652,87178,
270,ActuatedBed,84652,87190,
270,ActuatedBed,84652,87207,
270,ActuatedBed,84652,87220,
270,ActuatedBed,84652,87234,
270,ActuatedBed,84652,87260,
270,ActuatedBed,84652,87276,
270,ActuatedBed,84652,87288,
270,ActuatedBed,84652,87304,
270,ActuatedBed,84652,87316,
270,ActuatedBed,84652,87328,
270,ActuatedBed,84652,87346,
270,ActuatedBed,84652,87358,
270,ActuatedBed,84652,87370,
270,ActuatedBed,84652,87388,
270,ActuatedBed,84652,87414,
270,ActuatedBed,84652,87427,
270,ActuatedBed,84652,87439,
270,ActuatedBed,84652,87456,
270,ActuatedBed,84652,87469,
270,ActuatedBed,84652,87481,
270,ActuatedBed,84652,87498,
270,ActuatedBed,84652,87511,
270,ActuatedBed,84652,87526,
270,ActuatedBed,84652,87538,
270,ActuatedBed,84652,87567,
270,ActuatedBed,84652,87579,
270,ActuatedBed,84652,87595,
270,ActuatedBed,84652,87607,
270,ActuatedBed,84652,87619,
270,ActuatedBed,84652,87636,
270,ActuatedBed,84652,87649,
270,ActuatedBed,84652,87666,
270,ActuatedBed,84652,87678,
270,ActuatedBed,84652,87691,
270,ActuatedBed,84652,87717,
270,ActuatedBed,84652,87735,
270,ActuatedBed,84652,87759,
270,ActuatedBed,84652,87777,
270,ActuatedBed,84652,87789,
270,ActuatedBed,84652,87799,
270,ActuatedBed,84652,87817,
270,ActuatedBed,84652,87829,
270,ActuatedBed,84652,87845,
270,ActuatedBed,84652,87871,
270,ActuatedBed,84652,87885,
270,ActuatedBed,84652,87898,
270,ActuatedBed,84652,87910,
270,ActuatedBed,84652,87932,
270,ActuatedBed,84652,87945,
270,ActuatedBed,84652,87957,
270,ActuatedBed,84652,87969,
270,ActuatedBed,84652,87984,
270,ActuatedBed,84652,87996,
270,ActuatedBed,84652,88020,
270,ActuatedBed,84652,88038,
270,ActuatedBed,84652,88050,
270,ActuatedBed,84652,88066,
270,ActuatedBed,84652,88078,
270,ActuatedBed,84652,88095,
270,ActuatedBed,84652,88108,
270,ActuatedBed,84652,88120,
270,ActuatedBed,84652,88137,
270,ActuatedBed,84652,88150,
270,ActuatedBed,84652,88176,
270,ActuatedBed,84652,88188,
270,ActuatedBed,84652,88206,
270,ActuatedBed,84652,88218,
270,ActuatedBed,84652,88236,
270,ActuatedBed,98299,98313,
270,ActuatedBed,98299,98329,
270,ActuatedBed,98299,98341,
270,ActuatedBed,98299,98354,
270,ActuatedBed,98299,98369,
270,ActuatedBed,98299,98381,
270,ActuatedBed,98299,98399,
270,ActuatedBed,98299,98423,
270,ActuatedBed,98299,98441,
270,ActuatedBed,98299,98453,
270,ActuatedBed,98299,98465,
270,ActuatedBed,98299,98480,
270,ActuatedBed,98299,98492,
270,ActuatedBed,98299,98509,
270,ActuatedBed,98299,98522,
270,ActuatedBed,98299,98534,
270,ActuatedBed,98299,98551,
270,ActuatedBed,98299,98579,
270,ActuatedBed,98299,98591,
270,ActuatedBed,98299,98604,
270,ActuatedBed,98299,98620,
270,ActuatedBed,98299,98632,
270,ActuatedBed,98299,98646,
270,ActuatedBed,98299,98660,
270,ActuatedBed,98299,98672,
270,ActuatedBed,98299,98690,
270,ActuatedBed,98299,98702,
270,ActuatedBed,98299,98732,
270,ActuatedBed,98299,98744,
270,ActuatedBed,98299,98758,
270,ActuatedBed,98299,98770,
270,ActuatedBed,98299,98783,
270,ActuatedBed,98299,98800,
270,ActuatedBed,98299,98812,
270,ActuatedBed,98299,98830,
270,ActuatedBed,98299,98840,
270,ActuatedBed,98299,98870,
270,ActuatedBed,98299,98898,
270,ActuatedBed,98299,98911,
270,ActuatedBed,98299,98926,
270,ActuatedBed,98299,98938,
270,ActuatedBed,98299,98956,
270,ActuatedBed,98299,98968,
270,ActuatedBed,98299,98980,
270,ActuatedBed,98299,98993,
270,ActuatedBed,98299,99010,
270,ActuatedBed,98299,99022,
270,ActuatedBed,98299,99049,
270,ActuatedBed,98299,99061,
270,ActuatedBed,98299,99079,
270,ActuatedBed,98299,99091,
270,ActuatedBed,98299,99103,
270,ActuatedBed,98299,99119,
270,ActuatedBed,98299,99131,
270,ActuatedBed,98299,99148,
270,ActuatedBed,98299,99161,
270,ActuatedBed,98299,99173,
270,ActuatedBed,98299,99203,
270,ActuatedBed,98299,99217,
270,ActuatedBed,98299,99229,
270,ActuatedBed,98299,99241,
270,ActuatedBed,98299,99257,
270,ActuatedBed,98299,99271,
270,ActuatedBed,98299,99283,
270,ActuatedBed,98299,99301,
270,ActuatedBed,98299,99313,
270,ActuatedBed,98299,99325,
270,ActuatedBed,98299,99352,
270,ActuatedBed,98299,99369,
270,ActuatedBed,98299,99382,
270,ActuatedBed,98299,99394,
270,ActuatedBed,98299,99409,
270,ActuatedBed,98299,99422,
270,ActuatedBed,98299,99439,
270,ActuatedBed,98299,99451,
270,ActuatedBed,98299,99464,
270,ActuatedBed,98299,99481,
270,ActuatedBed,98299,99508,
270,ActuatedBed,98299,99520,
270,ActuatedBed,98299,99532,
270,ActuatedBed,98299,99550,
270,ActuatedBed,98299,99562,
270,ActuatedBed,98299,99579,
270,ActuatedBed,98299,99592,
270,ActuatedBed,98299,99602,
270,ActuatedBed,98299,99618,
270,ActuatedBed,98299,99631,
270,ActuatedBed,98299,99660,
270,ActuatedBed,98299,99673,
270,ActuatedBed,98299,99688,
270,ActuatedBed,98299,99700,
270,ActuatedBed,98299,99718,
270,ActuatedBed,98299,99730,
270,ActuatedBed,98299,99742,
270,ActuatedBed,98299,99760,
270,ActuatedBed,98299,99772,
270,ActuatedBed,98299,99784,
270,ActuatedBed,98299,99811,
270,ActuatedBed,98299,99828,
270,ActuatedBed,98299,99841,
270,ActuatedBed,98299,99853,
270,ActuatedBed,98299,99867,
270,ActuatedBed,98299,99880,
270,ActuatedBed,98299,99897,
270,ActuatedBed,98299,99909,
270,ActuatedBed,98299,99921,
270,ActuatedBed,98299,99939,
270,ActuatedBed,98299,99966,
270,ActuatedBed,98299,99979,
270,ActuatedBed,98299,99991,
270,ActuatedBed,98299,100008,
270,ActuatedBed,98299,100021,
270,ActuatedBed,98299,100036,
270,ActuatedBed,98299,100049,
270,ActuatedBed,98299,100062,
270,ActuatedBed,98299,100077,
270,ActuatedBed,98299,100090,
270,ActuatedBed,98299,100118,
270,ActuatedBed,98299,100130,
270,ActuatedBed,98299,100146,
270,ActuatedBed,98299,100159,
270,ActuatedBed,98299,100171,
270,ActuatedBed,98299,100190,
270,ActuatedBed,98299,100200,
270,ActuatedBed,98299,100217,
270,ActuatedBed,98299,100231,
270,ActuatedBed,98299,100241,
270,ActuatedBed,98299,100271,
270,ActuatedBed,98299,100286,
270,ActuatedBed,98299,100299,
270,ActuatedBed,98299,100315,
270,ActuatedBed,98299,100327,
270,ActuatedBed,98299,100340,
270,ActuatedBed,98299,100356,
270,ActuatedBed,98299,100368,
270,ActuatedBed,98299,100381,
270,ActuatedBed,98299,100396,
270,ActuatedBed,98299,100421,
270,ActuatedBed,98299,100436,
270,ActuatedBed,98299,100450,
270,ActuatedBed,98299,100467,
270,ActuatedBed,98299,100481,
270,ActuatedBed,98299,100496,
270,ActuatedBed,98299,100508,
270,ActuatedBed,98299,100520,
270,ActuatedBed,98299,100536,
270,ActuatedBed,98299,100549,
270,ActuatedBed,98299,100577,
270,ActuatedBed,98299,100590,
270,ActuatedBed,98299,100605,
270,ActuatedBed,98299,100618,
270,ActuatedBed,98299,100631,
270,ActuatedBed,98299,100646,
270,ActuatedBed,98299,100659,
270,ActuatedBed,98299,100676,
270,ActuatedBed,98299,100686,
270,ActuatedBed,98299,100700,
270,ActuatedBed,98299,100730,
270,ActuatedBed,107133,107146,
270,ActuatedBed,107133,107159,
270,ActuatedBed,107133,107174,
270,ActuatedBed,107133,107187,
270,ActuatedBed,107133,107204,
270,ActuatedBed,107133,107228,
270,ActuatedBed,107133,107255,
270,ActuatedBed,107133,107274,
270,ActuatedBed,107133,107296,
270,ActuatedBed,107133,107327,
270,ActuatedBed,107133,107342,
270,ActuatedBed,107133,107355,
270,ActuatedBed,107133,107368,
270,ActuatedBed,107133,107380,
270,ActuatedBed,107133,107396,
270,ActuatedBed,107133,107409,
270,ActuatedBed,107133,107424,
270,ActuatedBed,107133,107437,
270,ActuatedBed,107133,107454,
270,ActuatedBed,107133,107478,
270,ActuatedBed,107133,107490,
270,ActuatedBed,107133,107505,
270,ActuatedBed,107133,107518,
270,ActuatedBed,107133,107539,
270,ActuatedBed,107133,107565,
270,ActuatedBed,107133,107577,
270,ActuatedBed,107133,107589,
270,ActuatedBed,107133,107604,
270,ActuatedBed,107133,107630,
270,ActuatedBed,107133,107645,
270,ActuatedBed,107133,107659,
270,ActuatedBed,107133,107674,
270,ActuatedBed,107133,107686,
270,ActuatedBed,107133,107700,
270,ActuatedBed,107133,107714,
270,ActuatedBed,107133,107727,
270,ActuatedBed,107133,107740,
270,ActuatedBed,107133,107755,
270,ActuatedBed,107133,107786,
270,ActuatedBed,107133,107796,
270,ActuatedBed,107133,107809,
270,ActuatedBed,107133,107827,
270,ActuatedBed,107133,107837,
270,ActuatedBed,107133,107854,
270,ActuatedBed,107133,107868,
270,ActuatedBed,107133,107880,
270,ActuatedBed,107133,107895,
270,ActuatedBed,107133,107909,
270,ActuatedBed,107133,107936,
270,ActuatedBed,107133,107950,
270,ActuatedBed,107133,107964,
270,ActuatedBed,107133,107977,
270,ActuatedBed,107133,107990,
270,ActuatedBed,107133,108005,
270,ActuatedBed,107133,108018,
270,ActuatedBed,107133,108036,
270,ActuatedBed,107133,108046,
270,ActuatedBed,107133,108059,
270,ActuatedBed,107133,108087,
270,ActuatedBed,107133,108104,
270,ActuatedBed,107133,108118,
270,ActuatedBed,107133,108128,
270,ActuatedBed,107133,108145,
270,ActuatedBed,107133,108158,
270,ActuatedBed,107133,108174,
270,ActuatedBed,107133,108186,
270,ActuatedBed,107133,108199,
270,ActuatedBed,107133,108215,
270,ActuatedBed,107133,108242,
270,ActuatedBed,107133,108255,
270,ActuatedBed,107133,108268,
270,ActuatedBed,107133,108285,
270,ActuatedBed,107133,108296,
270,ActuatedBed,107133,108309,
270,ActuatedBed,107133,108326,
270,ActuatedBed,107133,108337,
270,ActuatedBed,107133,108354,
270,ActuatedBed,107133,108367,
270,ActuatedBed,107133,108395,
270,ActuatedBed,107133,108408,
270,ActuatedBed,107133,108421,
270,ActuatedBed,107133,108436,
270,ActuatedBed,107133,108449,
270,ActuatedBed,107133,108465,
270,ActuatedBed,107133,108477,
270,ActuatedBed,107133,108489,
270,ActuatedBed,107133,108505,
270,ActuatedBed,107133,108518,
270,ActuatedBed,107133,108546,
270,ActuatedBed,107133,108564,
270,ActuatedBed,107133,108576,
270,ActuatedBed,107133,108587,
270,ActuatedBed,107133,108605,
270,ActuatedBed,107133,108617,
270,ActuatedBed,107133,108627,
270,ActuatedBed,107133,108645,
270,ActuatedBed,107133,108658,
270,ActuatedBed,107133,108674,
270,ActuatedBed,107133,108699,
270,ActuatedBed,107133,108715,
270,ActuatedBed,107133,108727,
270,ActuatedBed,107133,108740,
270,ActuatedBed,107133,108754,
270,ActuatedBed,107133,108768,
270,ActuatedBed,107133,108783,
270,ActuatedBed,107133,108795,
270,ActuatedBed,107133,108809,
270,ActuatedBed,107133,108826,
270,ActuatedBed,107133,108855,
270,ActuatedBed,107133,108867,
270,ActuatedBed,107133,108877,
270,ActuatedBed,107133,108895,
270,ActuatedBed,107133,108908,
270,ActuatedBed,107133,108923,
270,ActuatedBed,107133,108936,
270,ActuatedBed,107133,108949,
270,ActuatedBed,107133,108964,
270,ActuatedBed,107133,108977,
270,ActuatedBed,107133,109005,
270,ActuatedBed,107133,109018,
270,ActuatedBed,107133,109033,
270,ActuatedBed,107133,109045,
270,ActuatedBed,107133,109064,
270,ActuatedBed,107133,109074,
270,ActuatedBed,107133,109086,
270,ActuatedBed,107133,109105,
270,ActuatedBed,107133,109117,
270,ActuatedBed,107133,109132,
270,ActuatedBed,107133,109158,
270,ActuatedBed,107133,109173,
270,ActuatedBed,107133,109186,
270,ActuatedBed,107133,109201,
270,ActuatedBed,107133,109214,
270,ActuatedBed,107133,109227,
270,ActuatedBed,107133,109240,
270,ActuatedBed,107133,109255,
270,ActuatedBed,107133,109267,
270,ActuatedBed,107133,109283,
270,ActuatedBed,107133,109314,
270,ActuatedBed,107133,109324,
270,ActuatedBed,107133,109336,
270,ActuatedBed,107133,109355,
270,ActuatedBed,107133,109365,
270,ActuatedBed,107133,109377,
270,ActuatedBed,107133,109395,
270,ActuatedBed,107133,109408,
270,ActuatedBed,107133,109423,
270,ActuatedBed,107133,109435,
270,ActuatedBed,107133,109464,
270,ActuatedBed,107133,109492,
270,ActuatedBed,107133,109522,
270,ActuatedBed,107133,109533,
270,ActuatedBed,107133,109545,
270,ActuatedBed,107133,109558,
270,ActuatedBed,107133,109574,
270,ActuatedBed,107133,109586,
270,ActuatedBed,107133,109615,
270,ActuatedBed,107133,109632,
270,ActuatedBed,107133,109645,
270,ActuatedBed,107133,109658,
270,ActuatedBed,107133,109673,
270,ActuatedBed,107133,109685,
270,ActuatedBed,107133,109701,
270,ActuatedBed,107133,109714,
270,ActuatedBed,107133,109726,
270,ActuatedBed,107133,109742,
270,ActuatedBed,107133,109770,
270,ActuatedBed,107133,109783,
270,ActuatedBed,107133,109800,
270,ActuatedBed,107133,109813,
270,ActuatedBed,107133,109824,
270,ActuatedBed,107133,109836,
270,ActuatedBed,107133,109854,
270,ActuatedBed,107133,109864,
270,ActuatedBed,107133,109877,
270,ActuatedBed,107133,109895,
270,ActuatedBed,107133,109923,
270,ActuatedBed,107133,109935,
270,ActuatedBed,107133,109948,
270,ActuatedBed,107133,109964,
270,ActuatedBed,107133,109976,
270,ActuatedBed,107133,109991,
270,ActuatedBed,107133,110005,
270,ActuatedBed,107133,110017,
270,ActuatedBed,107133,110032,
270,ActuatedBed,107133,110046,
270,ActuatedBed,107133,110073,
270,ActuatedBed,107133,110086,
270,ActuatedBed,107133,110104,
270,ActuatedBed,107133,110114,
270,ActuatedBed,107133,110132,
270,ActuatedBed,107133,110145,
270,ActuatedBed,107133,110155,
270,ActuatedBed,107133,110173,
270,ActuatedBed,107133,110185,
270,ActuatedBed,107133,110200,
0,ActuatedBed,136637,136652,
0,ActuatedBed,136637,136665,
0,ActuatedBed,136637,136678,
0,ActuatedBed,136637,136692,
0,ActuatedBed,136637,136721,
0,ActuatedBed,136637,136733,
0,ActuatedBed,136637,136747,
0,ActuatedBed,136637,136762,
0,ActuatedBed,136637,136774,
0,ActuatedBed,136637,136793,
0,ActuatedBed,136637,136803,
0,ActuatedBed,136637,136815,
0,ActuatedBed,136637,136833,
0,ActuatedBed,136637,136846,
0,ActuatedBed,136637,136873,
0,ActuatedBed,136637,136887,
0,ActuatedBed,136637,136902,
0,ActuatedBed,136637,136914,
0,ActuatedBed,136637,136928,
0,ActuatedBed,136637,136943,
0,ActuatedBed,136637,136955,
0,ActuatedBed,136637,136971,
0,ActuatedBed,136637,136983,
0,ActuatedBed,136637,136996,
0,ActuatedBed,136637,137024,
0,ActuatedBed,136637,137042,
0,ActuatedBed,136637,137053,
0,ActuatedBed,136637,137065,
0,ActuatedBed,136637,137082,
0,ActuatedBed,136637,137096,
0,ActuatedBed,136637,137111,
0,ActuatedBed,136637,137123,
0,ActuatedBed,136637,137137,
0,ActuatedBed,136637,137152,
0,ActuatedBed,136637,137180,
0,ActuatedBed,136637,137193,
0,ActuatedBed,136637,137205,
0,ActuatedBed,136637,137221,
0,ActuatedBed,136637,137233,
0,ActuatedBed,136637,137251,
0,ActuatedBed,136637,137262,
0,ActuatedBed,136637,137274,
0,ActuatedBed,136637,137292,
0,ActuatedBed,136637,137303,
0,ActuatedBed,136637,137333,
0,ActuatedBed,136637,137342,
0,ActuatedBed,136637,137356,
0,ActuatedBed,136637,137373,
0,ActuatedBed,136637,137387,
0,ActuatedBed,136637,137402,
0,ActuatedBed,136637,137414,
0,ActuatedBed,136637,137430,
0,ActuatedBed,136637,137443,
0,ActuatedBed,136637,137455,
0,ActuatedBed,136637,137483,
0,ActuatedBed,136637,137496,
0,ActuatedBed,136637,137511,
0,ActuatedBed,136637,137524,
0,ActuatedBed,136637,137542,
0,ActuatedBed,136637,137552,
0,ActuatedBed,136637,137565,
0,ActuatedBed,136637,137583,
0,ActuatedBed,136637,137593,
0,ActuatedBed,136637,137606,
0,ActuatedBed,136637,137633,
0,ActuatedBed,136637,137652,
0,ActuatedBed,136637,137664,
0,ActuatedBed,136637,137677,
0,ActuatedBed,136637,137693,
0,ActuatedBed,136637,137705,
0,ActuatedBed,136637,137720,
0,ActuatedBed,136637,137733,
0,ActuatedBed,136637,137748,
0,ActuatedBed,136637,137761,
0,ActuatedBed,136637,137792,
0,ActuatedBed,136637,137802,
0,ActuatedBed,136637,137815,
0,ActuatedBed,136637,137833,
0,ActuatedBed,136637,137843,
0,ActuatedBed,136637,137861,
0,ActuatedBed,136637,137873,
0,ActuatedBed,136637,137883,
0,ActuatedBed,136637,137902,
0,ActuatedBed,136637,137914,
0,ActuatedBed,136637,137943,
0,ActuatedBed,136637,137955,
0,ActuatedBed,136637,137970,
0,ActuatedBed,136637,137984,
0,ActuatedBed,136637,137998,
0,ActuatedBed,136637,138011,
0,ActuatedBed,136637,138023,
0,ActuatedBed,136637,138039,
0,ActuatedBed,136637,138052,
0,ActuatedBed,136637,138070,
0,ActuatedBed,136637,138093,
0,ActuatedBed,136637,138110,
0,ActuatedBed,136637,138123,
0,ActuatedBed,136637,138133,
0,ActuatedBed,136637,138151,
0,ActuatedBed,136637,138164,
0,ActuatedBed,136637,138179,
0,ActuatedBed,136637,138192,
0,ActuatedBed,136637,138205,
0,ActuatedBed,136637,138220,
0,ActuatedBed,136637,138249,
0,ActuatedBed,136637,138261,
0,ActuatedBed,136637,138273,
0,ActuatedBed,136637,138289,
0,ActuatedBed,136637,138302,
0,ActuatedBed,136637,138319,
0,ActuatedBed,136637,138333,
0,ActuatedBed,136637,138348,
0,ActuatedBed,136637,138360,
0,ActuatedBed,136637,138374,
0,ActuatedBed,136637,138401,
0,ActuatedBed,136637,138414,
0,ActuatedBed,136637,138429,
0,ActuatedBed,136637,138442,
0,ActuatedBed,136637,138458,
0,ActuatedBed,136637,138483,
0,ActuatedBed,136637,138499,
0,ActuatedBed,136637,138511,
0,ActuatedBed,136637,138523,
0,ActuatedBed,136637,138552,
0,ActuatedBed,136637,138569,
0,ActuatedBed,136637,138579,
0,ActuatedBed,136637,138593,
0,ActuatedBed,136637,138610,
0,ActuatedBed,136637,138624,
0,ActuatedBed,136637,138634,
0,ActuatedBed,136637,138651,
0,ActuatedBed,136637,138663,
0,ActuatedBed,136637,138679,
0,ActuatedBed,136637,138707,
0,ActuatedBed,136637,138720,
0,ActuatedBed,136637,138733,
0,ActuatedBed,136637,138748,
0,ActuatedBed,136637,138761,
0,ActuatedBed,136637,138773,
0,ActuatedBed,136637,138788,
0,ActuatedBed,136637,138802,
0,ActuatedBed,136637,138819,
0,ActuatedBed,136637,138829,
0,ActuatedBed,136637,138860,
0,ActuatedBed,136637,138870,
0,ActuatedBed,136637,138889,
0,ActuatedBed,136637,138901,
0,ActuatedBed,136637,138913,
0,ActuatedBed,136637,138929,
0,ActuatedBed,136637,138942,
0,ActuatedBed,136637,138954,
0,ActuatedBed,136637,138970,
0,ActuatedBed,136637,138983,
0,ActuatedBed,136637,139011,
0,ActuatedBed,136637,139029,
0,ActuatedBed,136637,139038,
0,ActuatedBed,136637,139052,
0,ActuatedBed,136637,139069,
0,ActuatedBed,136637,139079,
0,ActuatedBed,136637,139092,
0,ActuatedBed,136637,139110,
0,ActuatedBed,136637,139120,
0,ActuatedBed,136637,139139,
0,ActuatedBed,136637,139164,
0,ActuatedBed,136637,139179,
0,ActuatedBed,136637,139192,
0,ActuatedBed,136637,139207,
0,ActuatedBed,136637,139219,
0,ActuatedBed,136637,139233,
0,ActuatedBed,136637,139248,
0,ActuatedBed,136637,139260,
0,ActuatedBed,136637,139281,
0,ActuatedBed,136637,139301,
0,ActuatedBed,136637,139334,
0,ActuatedBed,136637,139347,
0,ActuatedBed,136637,139360,
0,ActuatedBed,136637,139370,
0,ActuatedBed,136637,139388,
0,ActuatedBed,136637,139401,
0,ActuatedBed,136637,139411,
0,ActuatedBed,136637,139428,
0,ActuatedBed,136637,139442,
0,ActuatedBed,136637,139457,
0,ActuatedBed,136637,139485,
0,ActuatedBed,136637,139498,
0,ActuatedBed,136637,139510,
0,ActuatedBed,136637,139526,
0,ActuatedBed,136637,139539,
0,ActuatedBed,136637,139551,
0,ActuatedBed,136637,139564,
0,ActuatedBed,136637,139579,
0,ActuatedBed,136637,139592,
0,ActuatedBed,136637,139610,
0,ActuatedBed,136637,139638,
0,ActuatedBed,136637,139651,
0,ActuatedBed,136637,139661,
0,ActuatedBed,136637,139679,
0,ActuatedBed,136637,139692,
0,ActuatedBed,136637,139704,
0,ActuatedBed,136637,139719,
0,ActuatedBed,136637,139732,
0,ActuatedBed,136637,139748,
0,ActuatedBed,136637,139760,
0,ActuatedBed,136637,139789,
0,ActuatedBed,136637,139801,
0,ActuatedBed,136637,139816,
0,ActuatedBed,136637,139829,
0,ActuatedBed,136637,139842,
0,ActuatedBed,136637,139859,
0,ActuatedBed,136637,139870,
0,ActuatedBed,136637,139888,
0,ActuatedBed,136637,139900,
0,ActuatedBed,136637,139911,
0,ActuatedBed,136637,139941,
0,ActuatedBed,136637,139957,
0,ActuatedBed,136637,139969,
0,ActuatedBed,136637,139982,
0,ActuatedBed,136637,139998,
0,ActuatedBed,136637,140010,
0,ActuatedBed,136637,140025,
0,ActuatedBed,136637,140039,
0,ActuatedBed,136637,140051,
0,ActuatedBed,136637,140066,
0,ActuatedBed,136637,140097,
0,ActuatedBed,136637,140109,
0,ActuatedBed,136637,140120,
0,ActuatedBed,136637,140138,
0,ActuatedBed,136637,140150,
0,ActuatedBed,136637,140166,
0,ActuatedBed,136637,140179,
0,ActuatedBed,136637,140191,
0,ActuatedBed,136637,140207,
0,ActuatedBed,136637,140219,
0,ActuatedBed,136637,140248,
0,ActuatedBed,136637,140260,
0,ActuatedBed,136637,140275,
0,ActuatedBed,136637,140289,
0,ActuatedBed,136637,140301,
0,ActuatedBed,136637,140316,
0,ActuatedBed,136637,140329,
0,ActuatedBed,136637,140347,
0,ActuatedBed,136637,140357,
0,ActuatedBed,136637,140369,
0,ActuatedBed,136637,140400,
0,ActuatedBed,136637,140416,
0,ActuatedBed,136637,140429,
0,ActuatedBed,136637,140441,
0,ActuatedBed,136637,140456,
0,ActuatedBed,136637,140470,
0,ActuatedBed,136637,140482,
0,ActuatedBed,136637,140497,
0,ActuatedBed,136637,140510,
0,ActuatedBed,136637,140525,
0,ActuatedBed,136637,140556,
0,ActuatedBed,136637,140566,
0,ActuatedBed,136637,140584,
0,ActuatedBed,136637,140597,
0,ActuatedBed,136637,140607,
0,ActuatedBed,136637,140619,
0,ActuatedBed,136637,140638,
0,ActuatedBed,136637,140648,
0,ActuatedBed,136637,140665,
0,ActuatedBed,136637,140679,
0,ActuatedBed,136637,140706,
0,ActuatedBed,136637,140720,
0,ActuatedBed,136637,140732,
0,ActuatedBed,136637,140747,
0,ActuatedBed,136637,140760,
0,ActuatedBed,136637,140775,
0,ActuatedBed,136637,140788,
0,ActuatedBed,136637,140806,
0,ActuatedBed,136637,140816,
0,ActuatedBed,136637,140829,
0,ActuatedBed,136637,140857,
0,ActuatedBed,136637,140869,
0,ActuatedBed,136637,140888,
0,ActuatedBed,136637,140898,
0,ActuatedBed,136637,140910,
0,ActuatedBed,136637,140929,
0,ActuatedBed,136637,140941,
0,ActuatedBed,136637,140956,
0,ActuatedBed,136637,140969,
0,ActuatedBed,136637,140985,
0,ActuatedBed,136637,141009,
0,ActuatedBed,136637,141025,
0,ActuatedBed,136637,141038,
0,ActuatedBed,136637,141050,
0,ActuatedBed,136637,141066,
0,ActuatedBed,136637,141079,
0,ActuatedBed,136637,141096,
0,ActuatedBed,136637,141107,
0,ActuatedBed,136637,141120,
0,ActuatedBed,136637,141137,
0,ActuatedBed,136637,141165,
0,ActuatedBed,136637,141178,
0,ActuatedBed,148163,148175,
0,ActuatedBed,148163,148203,
0,ActuatedBed,148163,148216,
0,ActuatedBed,148163,148229,
0,ActuatedBed,148163,148247,
0,ActuatedBed,148163,148257,
0,ActuatedBed,148163,148273,
0,ActuatedBed,148163,148288,
0,ActuatedBed,148163,148298,
0,ActuatedBed,148163,148316,
0,ActuatedBed,148163,148328,
0,ActuatedBed,148163,148357,
0,ActuatedBed,148163,148369,
0,ActuatedBed,148163,148384,
0,ActuatedBed,148163,148398,
0,ActuatedBed,148163,148410,
0,ActuatedBed,148163,148425,
0,ActuatedBed,148163,148438,
0,ActuatedBed,148163,148451,
0,ActuatedBed,148163,148466,
0,ActuatedBed,148163,148478,
0,ActuatedBed,148163,148507,
0,ActuatedBed,148163,148525,
0,ActuatedBed,148163,148538,
0,ActuatedBed,148163,148548,
0,ActuatedBed,148163,148566,
0,ActuatedBed,148163,148578,
0,ActuatedBed,148163,148593,
0,ActuatedBed,148163,148606,
0,ActuatedBed,148163,148619,
0,ActuatedBed,148163,148634,
0,ActuatedBed,148163,148660,
0,ActuatedBed,148163,148675,
0,ActuatedBed,148163,148688,
0,ActuatedBed,148163,148703,
0,ActuatedBed,148163,148716,
0,ActuatedBed,148163,148728,
0,ActuatedBed,148163,148744,
0,ActuatedBed,148163,148757,
0,ActuatedBed,148163,148772,
0,ActuatedBed,148163,148790,
0,ActuatedBed,148163,148815,
0,ActuatedBed,148163,148828,
0,ActuatedBed,148163,148843,
0,ActuatedBed,148163,148856,
0,ActuatedBed,148163,148869,
0,ActuatedBed,148163,148884,
0,ActuatedBed,148163,148897,
0,ActuatedBed,148163,148910,
0,ActuatedBed,148163,148925,
0,ActuatedBed,148163,148938,
0,ActuatedBed,148163,148966,
0,ActuatedBed,148163,148978,
0,ActuatedBed,148163,148994,
0,ActuatedBed,148163,149007,
0,ActuatedBed,148163,149024,
0,ActuatedBed,148163,149038,
0,ActuatedBed,148163,149048,
0,ActuatedBed,148163,149079,
0,ActuatedBed,148163,149088,
0,ActuatedBed,148163,149118,
0,ActuatedBed,148163,149134,
0,ActuatedBed,148163,149147,
0,ActuatedBed,148163,149163,
0,ActuatedBed,148163,149175,
0,ActuatedBed,148163,149188,
0,ActuatedBed,148163,149203,
0,ActuatedBed,148163,149216,
0,ActuatedBed,148163,149228,
0,ActuatedBed,148163,149243,
0,ActuatedBed,148163,149274,
0,ActuatedBed,148163,149284,
0,ActuatedBed,148163,149298,
0,ActuatedBed,148163,149315,
0,ActuatedBed,148163,149328,
0,ActuatedBed,148163,149344,
0,ActuatedBed,148163,149356,
0,ActuatedBed,148163,149368,
0,ActuatedBed,148163,149397,
0,ActuatedBed,148163,149412,
0,ActuatedBed,148163,149443,
0,ActuatedBed,148163,149453,
0,ActuatedBed,148163,149466,
0,ActuatedBed,148163,149483,
0,ActuatedBed,148163,149493,
0,ActuatedBed,148163,149507,
0,ActuatedBed,148163,149524,
0,ActuatedBed,148163,149534,
0,ActuatedBed,148163,149550,
0,ActuatedBed,148163,149565,
0,ActuatedBed,148163,149594,
0,ActuatedBed,148163,149606,
0,ActuatedBed,148163,149618,
0,ActuatedBed,148163,149634,
0,ActuatedBed,148163,149647,
0,ActuatedBed,148163,149659,
0,ActuatedBed,148163,149675,
0,ActuatedBed,148163,149688,
0,ActuatedBed,148163,149703,
0,ActuatedBed,148163,149715,
0,ActuatedBed,148163,149743,
0,ActuatedBed,148163,149756,
0,ActuatedBed,148163,149774,
0,ActuatedBed,148163,149784,
0,ActuatedBed,148163,149797,
0,ActuatedBed,148163,149815,
0,ActuatedBed,148163,149825,
0,ActuatedBed,148163,149843,
0,ActuatedBed,148163,149856,
0,ActuatedBed,148163,149869,
0,ActuatedBed,148163,149897,
0,ActuatedBed,148163,149912,
0,ActuatedBed,148163,149929,
0,ActuatedBed,148163,149940,
0,ActuatedBed,148163,149953,
0,ActuatedBed,148163,149965,
0,ActuatedBed,148163,149979,
0,ActuatedBed,148163,149994,
0,ActuatedBed,148163,150006,
0,ActuatedBed,148163,150019,
0,ActuatedBed,148163,150047,
0,ActuatedBed,148163,150065,
0,ActuatedBed,148163,150075,
0,ActuatedBed,148163,150088,
0,ActuatedBed,148163,150106,
0,ActuatedBed,148163,150116,
0,ActuatedBed,148163,150133,
0,ActuatedBed,156312,156325,
0,ActuatedBed,156312,156338,
0,ActuatedBed,156312,156353,
0,ActuatedBed,156312,156366,
0,ActuatedBed,156312,156384,
0,ActuatedBed,156312,156394,
0,ActuatedBed,156312,156406,
0,ActuatedBed,156312,156425,
0,ActuatedBed,156312,156435,
0,ActuatedBed,156312,156466,
0,ActuatedBed,156312,156478,
0,ActuatedBed,156312,156493,
0,ActuatedBed,156312,156507,
0,ActuatedBed,156312,156522,
0,ActuatedBed,156312,156534,
0,ActuatedBed,156312,156547,
0,ActuatedBed,156312,156562,
0,ActuatedBed,156312,156575,
0,ActuatedBed,156312,156588,
0,ActuatedBed,156312,156616,
0,ActuatedBed,156312,156628,
0,ActuatedBed,156312,156644,
0,ActuatedBed,156312,156657,
0,ActuatedBed,156312,156669,
0,ActuatedBed,156312,156685,
0,ActuatedBed,156312,156697,
0,ActuatedBed,156312,156716,
0,ActuatedBed,156312,156728,
0,ActuatedBed,156312,156743,
0,ActuatedBed,156312,156769,
0,ActuatedBed,156312,156784,
0,ActuatedBed,156312,156796,
0,ActuatedBed,156312,156810,
0,ActuatedBed,156312,156825,
0,ActuatedBed,156312,156837,
0,ActuatedBed,156312,156853,
0,ActuatedBed,156312,156866,
0,ActuatedBed,156312,156883,
0,ActuatedBed,156312,156894,
0,ActuatedBed,156312,156924,
0,ActuatedBed,156312,156935,
0,ActuatedBed,156312,156947,
0,ActuatedBed,156312,156965,
0,ActuatedBed,156312,156976,
0,ActuatedBed,156312,156988,
0,ActuatedBed,156312,157006,
0,ActuatedBed,156312,157019,
0,ActuatedBed,156312,157034,
0,ActuatedBed,156312,157049,
0,ActuatedBed,156312,157075,
0,ActuatedBed,156312,157087,
0,ActuatedBed,156312,157103,
0,ActuatedBed,156312,157116,
0,ActuatedBed,156312,157128,
0,ActuatedBed,156312,157144,
0,ActuatedBed,156312,157157,
0,ActuatedBed,156312,157174,
0,ActuatedBed,156312,157185,
0,ActuatedBed,156312,157197,
0,ActuatedBed,156312,157225,
0,ActuatedBed,156312,157238,
0,ActuatedBed,156312,157256,
0,ActuatedBed,156312,157268,
0,ActuatedBed,156312,157284,
0,ActuatedBed,156312,157297,
0,ActuatedBed,156312,157309,
0,ActuatedBed,156312,157325,
0,ActuatedBed,156312,157337,
0,ActuatedBed,156312,157352,
0,ActuatedBed,156312,157381,
0,ActuatedBed,156312,157393,
0,ActuatedBed,156312,157407,
0,ActuatedBed,156312,157424,
0,ActuatedBed,156312,157434,
0,ActuatedBed,156312,157447,
0,ActuatedBed,156312,157465,
0,ActuatedBed,156312,157475,
0,ActuatedBed,156312,157493,
0,ActuatedBed,156312,157506,
0,ActuatedBed,156312,157534,
0,ActuatedBed,156312,157547,
0,ActuatedBed,156312,157562,
0,ActuatedBed,156312,157575,
0,ActuatedBed,156312,157587,
0,ActuatedBed,156312,157602,
0,ActuatedBed,156312,157616,
0,ActuatedBed,156312,157628,
0,ActuatedBed,156312,157643,
0,ActuatedBed,156312,157657,
0,ActuatedBed,156312,157684,
0,ActuatedBed,156312,157698,
0,ActuatedBed,156312,157715,
0,ActuatedBed,156312,157725,
0,ActuatedBed,156312,157743,
0,ActuatedBed,156312,157756,
0,ActuatedBed,156312,157766,
0,ActuatedBed,156312,157784,
0,ActuatedBed,156312,157797,
0,ActuatedBed,156312,157812,
0,ActuatedBed,156312,157837,
0,ActuatedBed,156312,157852,
0,ActuatedBed,156312,157865,
0,ActuatedBed,156312,157881,
0,ActuatedBed,156312,157893,
0,ActuatedBed,156312,157906,
0,ActuatedBed,156312,157922,
0,ActuatedBed,156312,157934,
0,ActuatedBed,156312,157947,
0,ActuatedBed,156312,157965,
0,ActuatedBed,156312,157992,
0,ActuatedBed,156312,158006,
0,ActuatedBed,156312,158016,
0,ActuatedBed,156312,158033,
0,ActuatedBed,156312,158047,
0,ActuatedBed,156312,158062,
0,ActuatedBed,156312,158074,
0,ActuatedBed,156312,158088,
0,ActuatedBed,156312,158102,
0,ActuatedBed,156312,158115,
0,ActuatedBed,156312,158143,
0,ActuatedBed,156312,158161,
0,ActuatedBed,156312,158172,
0,ActuatedBed,156312,158189,
0,ActuatedBed,156312,158202,
0,ActuatedBed,156312,158218,
0,ActuatedBed,156312,158235,
0,ActuatedBed,156312,158245,
0,ActuatedBed,156312,158263,
0,ActuatedBed,156312,158278,
0,ActuatedBed,156312,158307,
0,ActuatedBed,156312,158319,
0,ActuatedBed,156312,158338,
0,ActuatedBed,156312,158348,
0,ActuatedBed,156312,158365,
0,ActuatedBed,156312,158377,
0,ActuatedBed,156312,158393,
0,ActuatedBed,156312,158406,
0,ActuatedBed,156312,158422,
0,ActuatedBed,156312,158434,
0,ActuatedBed,156312,158462,
0,ActuatedBed,156312,158475,
0,ActuatedBed,156312,158492,
0,ActuatedBed,156312,158505,
0,ActuatedBed,156312,158516,
0,ActuatedBed,156312,158533,
0,ActuatedBed,156312,158546,
0,ActuatedBed,156312,158562,
0,ActuatedBed,156312,158574,
0,ActuatedBed,156312,158587,
0,ActuatedBed,156312,158615,
0,ActuatedBed,156312,158630,
0,ActuatedBed,156312,158643,
0,ActuatedBed,156312,158656,
0,ActuatedBed,156312,158671,
0,ActuatedBed,156312,158684,
0,ActuatedBed,156312,158702,
0,ActuatedBed,156312,158712,
0,ActuatedBed,156312,158725,
0,ActuatedBed,156312,158743,
0,ActuatedBed,156312,158771,
0,ActuatedBed,156312,158783,
0,ActuatedBed,156312,158796,
0,ActuatedBed,156312,158812,
0,ActuatedBed,156312,158824,
0,ActuatedBed,156312,158839,
0,ActuatedBed,156312,158853,
0,ActuatedBed,156312,158865,
0,ActuatedBed,156312,158880,
0,ActuatedBed,156312,158893,
0,ActuatedBed,156312,158921,
0,ActuatedBed,156312,158934,
0,ActuatedBed,156312,158952,
0,ActuatedBed,156312,158962,
0,ActuatedBed,156312,158974,
0,ActuatedBed,156312,158993,
0,ActuatedBed,156312,159003,
0,ActuatedBed,156312,159021,
0,ActuatedBed,156312,159033,
0,ActuatedBed,156312,159048,
0,ActuatedBed,156312,159074,
0,ActuatedBed,156312,159089,
0,ActuatedBed,156312,159102,
0,ActuatedBed,156312,159115,
0,ActuatedBed,156312,159130,
0,ActuatedBed,156312,159142,
0,ActuatedBed,156312,159158,
0,ActuatedBed,156312,159171,
0,ActuatedBed,156312,159183,
0,ActuatedBed,156312,159202,
0,ActuatedBed,156312,159229,
0,ActuatedBed,156312,159243,
90,ActuatedBed,187287,187302,
90,ActuatedBed,187287,187313,
90,ActuatedBed,187287,187331,
90,ActuatedBed,187287,187343,
90,ActuatedBed,187287,187356,
90,ActuatedBed,187287,187371,
90,ActuatedBed,187287,187384,
90,ActuatedBed,187287,187400,
90,ActuatedBed,187287,187425,
90,ActuatedBed,187287,187441,
90,ActuatedBed,187287,187453,
90,ActuatedBed,187287,187471,
90,ActuatedBed,187287,187481,
90,ActuatedBed,187287,187494,
90,ActuatedBed,187287,187511,
90,ActuatedBed,187287,187522,
90,ActuatedBed,187287,187540,
90,ActuatedBed,187287,187552,
90,ActuatedBed,187287,187581,
90,ActuatedBed,187287,187593,
90,ActuatedBed,187287,187609,
90,ActuatedBed,187287,187621,
90,ActuatedBed,187287,187634,
90,ActuatedBed,187287,187650,
90,ActuatedBed,187287,187662,
90,ActuatedBed,187287,187677,
90,ActuatedBed,187287,187691,
90,ActuatedBed,187287,187703,
90,ActuatedBed,187287,187731,
90,ActuatedBed,187287,187749,
90,ActuatedBed,187287,187761,
90,ActuatedBed,187287,187771,
90,ActuatedBed,187287,187790,
90,ActuatedBed,187287,187802,
90,ActuatedBed,187287,187817,
90,ActuatedBed,187287,187831,
90,ActuatedBed,187287,187846,
90,ActuatedBed,187287,187858,
90,ActuatedBed,187287,187884,
90,ActuatedBed,187287,187899,
90,ActuatedBed,187287,187912,
90,ActuatedBed,187287,187927,
90,ActuatedBed,187287,187940,
90,ActuatedBed,187287,187953,
90,ActuatedBed,187287,187968,
90,ActuatedBed,187287,187981,
90,ActuatedBed,187287,187999,
90,ActuatedBed,187287,188011,
90,ActuatedBed,187287,188040,
90,ActuatedBed,187287,188052,
90,ActuatedBed,187287,188067,
90,ActuatedBed,187287,188081,
90,ActuatedBed,187287,188093,
90,ActuatedBed,187287,188108,
90,ActuatedBed,187287,188122,
90,ActuatedBed,187287,188136,
90,ActuatedBed,187287,188149,
90,ActuatedBed,187287,188162,
90,ActuatedBed,187287,188190,
90,ActuatedBed,187287,188208,
90,ActuatedBed,187287,188218,
90,ActuatedBed,187287,188231,
90,ActuatedBed,187287,188249,
90,ActuatedBed,187287,188259,
90,ActuatedBed,187287,188276,
90,ActuatedBed,187287,188290,
90,ActuatedBed,187287,188302,
90,ActuatedBed,187287,188317,
90,ActuatedBed,187287,188343,
90,ActuatedBed,187287,188358,
90,ActuatedBed,187287,188371,
90,ActuatedBed,187287,188386,
90,ActuatedBed,187287,188399,
90,ActuatedBed,187287,188411,
90,ActuatedBed,187287,188427,
90,ActuatedBed,187287,188440,
90,ActuatedBed,187287,188457,
90,ActuatedBed,187287,188468,
90,ActuatedBed,187287,188498,
90,ActuatedBed,187287,188509,
90,ActuatedBed,187287,188521,
90,ActuatedBed,187287,188539,
90,ActuatedBed,187287,188550,
90,ActuatedBed,187287,188567,
90,ActuatedBed,187287,188580,
90,ActuatedBed,187287,188596,
90,ActuatedBed,187287,188608,
90,ActuatedBed,187287,188621,
90,ActuatedBed,187287,188649,
90,ActuatedBed,187287,188664,
90,ActuatedBed,187287,188677,
90,ActuatedBed,187287,188690,
90,ActuatedBed,187287,188707,
90,ActuatedBed,187287,188718,
90,ActuatedBed,187287,188736,
90,ActuatedBed,187287,188748,
90,ActuatedBed,187287,188759,
90,ActuatedBed,187287,188777,
90,ActuatedBed,187287,188800,
90,ActuatedBed,187287,188817,
90,ActuatedBed,187287,188830,
90,ActuatedBed,187287,188846,
90,ActuatedBed,187287,188858,
90,ActuatedBed,187287,188871,
90,ActuatedBed,187287,188887,
90,ActuatedBed,187287,188899,
90,ActuatedBed,187287,188914,
90,ActuatedBed,187287,188926,
90,ActuatedBed,187287,188955,
90,ActuatedBed,187287,188981,
90,ActuatedBed,187287,188998,
90,ActuatedBed,187287,189008,
90,ActuatedBed,187287,189022,
90,ActuatedBed,187287,189039,
90,ActuatedBed,187287,189049,
90,ActuatedBed,187287,189067,
90,ActuatedBed,187287,189080,
90,ActuatedBed,187287,189108,
90,ActuatedBed,187287,189121,
90,ActuatedBed,187287,189136,
90,ActuatedBed,187287,189149,
90,ActuatedBed,187287,189162,
90,ActuatedBed,187287,189176,
90,ActuatedBed,187287,189190,
90,ActuatedBed,187287,189205,
90,ActuatedBed,187287,189217,
90,ActuatedBed,187287,189236,
90,ActuatedBed,187287,189258,
90,ActuatedBed,187287,189277,
90,ActuatedBed,187287,189289,
90,ActuatedBed,187287,189304,
90,ActuatedBed,187287,189317,
90,ActuatedBed,187287,189330,
90,ActuatedBed,187287,189345,
90,ActuatedBed,187287,189358,
90,ActuatedBed,187287,189371,
90,ActuatedBed,187287,189386,
90,ActuatedBed,187287,189414,
90,ActuatedBed,187287,189427,
90,ActuatedBed,187287,189440,
90,ActuatedBed,187287,189455,
90,ActuatedBed,187287,189467,
90,ActuatedBed,187287,189486,
90,ActuatedBed,187287,189496,
90,ActuatedBed,187287,189508,
90,ActuatedBed,187287,189527,
90,ActuatedBed,187287,189539,
90,ActuatedBed,187287,189566,
90,ActuatedBed,187287,189580,
90,ActuatedBed,187287,189595,
90,ActuatedBed,187287,189607,
90,ActuatedBed,187287,189623,
90,ActuatedBed,187287,189636,
90,ActuatedBed,187287,189651,
90,ActuatedBed,187287,189664,
90,ActuatedBed,187287,189677,
90,ActuatedBed,187287,189689,
90,ActuatedBed,187287,189717,
90,ActuatedBed,187287,189735,
90,ActuatedBed,187287,189746,
90,ActuatedBed,195358,195368,
90,ActuatedBed,195358,195399,
90,ActuatedBed,195358,195415,
90,ActuatedBed,195358,195427,
90,ActuatedBed,195358,195439,
90,ActuatedBed,195358,195454,
90,ActuatedBed,195358,195468,
90,ActuatedBed,195358,195480,
90,ActuatedBed,195358,195495,
90,ActuatedBed,195358,195509,
90,ActuatedBed,195358,195524,
90,ActuatedBed,195358,195555,
90,ActuatedBed,195358,195567,
90,ActuatedBed,195358,195577,
90,ActuatedBed,195358,195595,
90,ActuatedBed,195358,195608,
90,ActuatedBed,195358,195618,
90,ActuatedBed,195358,195636,
90,ActuatedBed,195358,195649,
90,ActuatedBed,195358,195659,
90,ActuatedBed,195358,195677,
90,ActuatedBed,195358,195704,
90,ActuatedBed,195358,195718,
90,ActuatedBed,195358,195733,
90,ActuatedBed,195358,195745,
90,ActuatedBed,195358,195759,
90,ActuatedBed,195358,195774,
90,ActuatedBed,195358,195786,
90,ActuatedBed,195358,195800,
90,ActuatedBed,195358,195815,
90,ActuatedBed,195358,195827,
90,ActuatedBed,195358,195858,
90,ActuatedBed,195358,195868,
90,ActuatedBed,195358,195886,
90,ActuatedBed,195358,195899,
90,ActuatedBed,195358,195914,
90,ActuatedBed,195358,195927,
90,ActuatedBed,195358,195940,
90,ActuatedBed,195358,195955,
90,ActuatedBed,195358,195968,
90,ActuatedBed,195358,195980,
90,ActuatedBed,195358,196008,
90,ActuatedBed,195358,196024,
90,ActuatedBed,195358,196036,
90,ActuatedBed,195358,196049,
90,ActuatedBed,195358,196065,
90,ActuatedBed,195358,196077,
90,ActuatedBed,195358,196094,
90,ActuatedBed,195358,196108,
90,ActuatedBed,195358,196123,
90,ActuatedBed,195358,196135,
90,ActuatedBed,195358,196164,
90,ActuatedBed,195358,196176,
90,ActuatedBed,195358,196192,
90,ActuatedBed,195358,196238,
90,ActuatedBed,195358,196263,
90,ActuatedBed,195358,196286,
90,ActuatedBed,195358,196304,
90,ActuatedBed,195358,196332,
90,ActuatedBed,195358,196345,
90,ActuatedBed,195358,196355,
90,ActuatedBed,195358,196373,
90,ActuatedBed,195358,196385,
90,ActuatedBed,195358,196399,
90,ActuatedBed,195358,196414,
90,ActuatedBed,195358,196426,
90,ActuatedBed,195358,196440,
90,ActuatedBed,195358,196455,
90,ActuatedBed,195358,196481,
90,ActuatedBed,195358,196495,
90,ActuatedBed,195358,196508,
90,ActuatedBed,195358,196520,
90,ActuatedBed,195358,196536,
90,ActuatedBed,195358,196549,
90,ActuatedBed,195358,196561,
90,ActuatedBed,195358,196577,
90,ActuatedBed,195358,196590,
90,ActuatedBed,195358,196605,
90,ActuatedBed,195358,196630,
90,ActuatedBed,195358,196645,
90,ActuatedBed,195358,196659,
90,ActuatedBed,195358,196671,
90,ActuatedBed,195358,196689,
90,ActuatedBed,195358,196700,
90,ActuatedBed,195358,196717,
90,ActuatedBed,195358,196730,
90,ActuatedBed,195358,196741,
90,ActuatedBed,195358,196758,
90,ActuatedBed,195358,196786,
90,ActuatedBed,195358,196799,
90,ActuatedBed,195358,196811,
90,ActuatedBed,195358,196827,
90,ActuatedBed,195358,196840,
90,ActuatedBed,195358,196855,
90,ActuatedBed,195358,196868,
90,ActuatedBed,195358,196880,
90,ActuatedBed,195358,196895,
90,ActuatedBed,195358,196909,
90,ActuatedBed,195358,196939,
90,ActuatedBed,195358,196950,
90,ActuatedBed,195358,196967,
90,ActuatedBed,195358,196980,
90,ActuatedBed,195358,196996,
90,ActuatedBed,195358,197008,
90,ActuatedBed,195358,197020,
90,ActuatedBed,195358,197036,
90,ActuatedBed,195358,197049,
90,ActuatedBed,195358,197064,
90,ActuatedBed,195358,197090,
90,ActuatedBed,195358,197105,
90,ActuatedBed,195358,197117,
90,ActuatedBed,195358,197131,
90,ActuatedBed,195358,197145,
90,ActuatedBed,195358,197158,
90,ActuatedBed,195358,197176,
90,ActuatedBed,195358,197186,
90,ActuatedBed,195358,197199,
90,ActuatedBed,195358,197217,
90,ActuatedBed,195358,197245,
90,ActuatedBed,195358,197258,
90,ActuatedBed,195358,197270,
90,ActuatedBed,195358,197285,
90,ActuatedBed,195358,197299,
90,ActuatedBed,195358,197314,
90,ActuatedBed,195358,197326,
90,ActuatedBed,195358,197340,
90,ActuatedBed,195358,197355,
90,ActuatedBed,195358,197370,
90,ActuatedBed,195358,197395,
90,ActuatedBed,195358,197408,
90,ActuatedBed,195358,197426,
90,ActuatedBed,195358,197436,
90,ActuatedBed,195358,197454,
90,ActuatedBed,195358,197467,
90,ActuatedBed,195358,197480,
90,ActuatedBed,195358,197495,
90,ActuatedBed,195358,197508,
90,ActuatedBed,195358,197521,
90,ActuatedBed,195358,197549,
90,ActuatedBed,195358,197564,
90,ActuatedBed,195358,197576,
90,ActuatedBed,195358,197590,
90,ActuatedBed,195358,197605,
90,ActuatedBed,195358,197617,
90,ActuatedBed,195358,197636,
90,ActuatedBed,195358,197646,
90,ActuatedBed,195358,197658,
90,ActuatedBed,195358,197676,
90,ActuatedBed,195358,197704,
90,ActuatedBed,195358,197716,
90,ActuatedBed,195358,197727,
90,ActuatedBed,195358,197745,
90,ActuatedBed,195358,197757,
90,ActuatedBed,195358,197773,
90,ActuatedBed,195358,197786,
90,ActuatedBed,195358,197798,
90,ActuatedBed,195358,197814,
90,ActuatedBed,195358,197826,
90,ActuatedBed,195358,197855,
90,ActuatedBed,195358,197867,
90,ActuatedBed,195358,197882,
90,ActuatedBed,195358,197896,
90,ActuatedBed,195358,197913,
90,ActuatedBed,195358,197925,
90,ActuatedBed,195358,197936,
90,ActuatedBed,195358,197954,
90,ActuatedBed,195358,197966,
90,ActuatedBed,195358,197977,
90,ActuatedBed,195358,198007,
90,ActuatedBed,195358,198023,
90,ActuatedBed,195358,198036,
90,ActuatedBed,195358,198048,
90,ActuatedBed,195358,198064,
90,ActuatedBed,195358,198076,
90,ActuatedBed,195358,198091,
90,ActuatedBed,195358,198105,
90,ActuatedBed,195358,198117,
90,ActuatedBed,195358,198132,
90,ActuatedBed,195358,198163,
90,ActuatedBed,195358,198176,
90,ActuatedBed,195358,198185,
90,ActuatedBed,195358,198204,
90,ActuatedBed,195358,198216,
90,ActuatedBed,195358,198226,
90,ActuatedBed,195358,198245,
90,ActuatedBed,195358,198257,
90,ActuatedBed,195358,198273,
90,ActuatedBed,195358,198286,
90,ActuatedBed,195358,198313,
90,ActuatedBed,195358,198326,
90,ActuatedBed,195358,198339,
90,ActuatedBed,195358,198354,
90,ActuatedBed,195358,198367,
90,ActuatedBed,195358,198382,
90,ActuatedBed,195358,198395,
90,ActuatedBed,195358,198413,
90,ActuatedBed,195358,198423,
90,ActuatedBed,195358,198436,
90,ActuatedBed,195358,198469,
90,ActuatedBed,195358,198481,
90,ActuatedBed,195358,198495,
90,ActuatedBed,195358,198507,
90,ActuatedBed,195358,198517,
90,ActuatedBed,195358,198536,
90,ActuatedBed,195358,198548,
90,ActuatedBed,195358,198563,
90,ActuatedBed,195358,198576,
90,ActuatedBed,195358,198589,
90,ActuatedBed,195358,198617,
90,ActuatedBed,195358,198632,
90,ActuatedBed,195358,198645,
90,ActuatedBed,195358,198658,
90,ActuatedBed,195358,198673,
90,ActuatedBed,195358,198686,
90,ActuatedBed,195358,198704,
90,ActuatedBed,195358,198716,
90,ActuatedBed,195358,198731,
90,ActuatedBed,195358,198745,
90,ActuatedBed,195358,198772,
90,ActuatedBed,195358,198786,
90,ActuatedBed,195358,198798,
90,ActuatedBed,195358,198813,
90,ActuatedBed,195358,198827,
90,ActuatedBed,195358,198841,
90,ActuatedBed,195358,198854,
90,ActuatedBed,195358,198866,
90,ActuatedBed,195358,198882,
90,ActuatedBed,195358,198895,
90,ActuatedBed,195358,198923,
90,ActuatedBed,195358,198936,
90,ActuatedBed,195358,198953,
90,ActuatedBed,195358,198964,
90,ActuatedBed,195358,198976,
90,ActuatedBed,195358,198994,
90,ActuatedBed,195358,199007,
90,ActuatedBed,195358,199022,
90,ActuatedBed,195358,199035,
90,ActuatedBed,195358,199051,
90,ActuatedBed,195358,199076,
90,ActuatedBed,195358,199091,
90,ActuatedBed,195358,199104,
90,ActuatedBed,195358,199116,
90,ActuatedBed,195358,199132,
90,ActuatedBed,195358,199145,
90,ActuatedBed,195358,199162,
90,ActuatedBed,195358,199186,
90,ActuatedBed,195358,199203,
90,ActuatedBed,195358,199226,
90,ActuatedBed,195358,199244,
90,ActuatedBed,195358,199255,
90,ActuatedBed,195358,199272,
90,ActuatedBed,195358,199285,
90,ActuatedBed,195358,199298,
90,ActuatedBed,195358,199313,
90,ActuatedBed,195358,199326,
90,ActuatedBed,195358,199342,
90,ActuatedBed,195358,199354,
90,ActuatedBed,195358,199382,
90,ActuatedBed,195358,199395,
90,ActuatedBed,195358,199412,
90,ActuatedBed,195358,199428,
90,ActuatedBed,195358,199453,
90,ActuatedBed,195358,199463,
90,ActuatedBed,195358,199477,
90,ActuatedBed,195358,199494,
90,ActuatedBed,195358,199504,
90,ActuatedBed,195358,199535,
90,ActuatedBed,195358,199550,
90,ActuatedBed,195358,199563,
90,ActuatedBed,195358,199576,
90,ActuatedBed,195358,199591,
90,ActuatedBed,195358,199609,
90,ActuatedBed,195358,199619,
90,ActuatedBed,195358,199631,
90,ActuatedBed,195358,199645,
90,ActuatedBed,195358,199657,
90,ActuatedBed,195358,199686,
90,ActuatedBed,195358,199698,
90,ActuatedBed,195358,199713,
90,ActuatedBed,195358,199727,
90,ActuatedBed,195358,199744,
90,ActuatedBed,195358,199754,
90,ActuatedBed,195358,199772,
90,ActuatedBed,195358,199785,
90,ActuatedBed,195358,199795,
90,ActuatedBed,195358,199813,
90,ActuatedBed,195358,199841,
90,ActuatedBed,195358,199854,
90,ActuatedBed,195358,199869,
90,ActuatedBed,195358,199881,
90,ActuatedBed,195358,199895,
90,ActuatedBed,195358,199910,
90,ActuatedBed,195358,199922,
90,ActuatedBed,195358,199936,
90,ActuatedBed,195358,199953,
90,ActuatedBed,195358,199963,
90,ActuatedBed,195358,199994,
90,ActuatedBed,195358,200004,
90,ActuatedBed,195358,200022,
90,ActuatedBed,195358,200035,
90,ActuatedBed,195358,200050,
90,ActuatedBed,195358,200062,
90,ActuatedBed,195358,200076,
90,ActuatedBed,195358,200091,
90,ActuatedBed,195358,200103,
90,ActuatedBed,195358,200119,
90,ActuatedBed,195358,200144,
90,ActuatedBed,195358,200160,
90,ActuatedBed,195358,200172,
90,ActuatedBed,195358,200190,
90,ActuatedBed,195358,200201,
90,ActuatedBed,195358,200213,
90,ActuatedBed,195358,200231,
90,ActuatedBed,195358,200244,
90,ActuatedBed,195358,200254,
90,ActuatedBed,195358,200271,
90,ActuatedBed,195358,200300,
90,ActuatedBed,195358,200312,
90,ActuatedBed,195358,200326,
90,ActuatedBed,195358,200341,
90,ActuatedBed,195358,200353,
90,ActuatedBed,195358,200369,
90,ActuatedBed,195358,200382,
90,ActuatedBed,195358,200394,
90,ActuatedBed,195358,200410,
90,ActuatedBed,195358,200422,
90,ActuatedBed,195358,200451,
90,ActuatedBed,195358,200468,
90,ActuatedBed,195358,200481,
90,ActuatedBed,195358,200492,
90,ActuatedBed,195358,200509,
90,ActuatedBed,195358,200522,
90,ActuatedBed,195358,200535,
90,ActuatedBed,195358,200550,
90,ActuatedBed,195358,200562,
90,ActuatedBed,195358,200576,
90,ActuatedBed,195358,200603,
90,ActuatedBed,195358,200616,
90,ActuatedBed,195358,200632,
90,ActuatedBed,195358,200644,
90,ActuatedBed,195358,200659,
90,ActuatedBed,195358,200672,
90,ActuatedBed,195358,200690,
90,ActuatedBed,195358,200700,
90,ActuatedBed,195358,200713,
90,ActuatedBed,195358,200731,
90,ActuatedBed,195358,200759,
90,ActuatedBed,195358,200772,
90,ActuatedBed,195358,200784,
90,ActuatedBed,195358,200800,
90,ActuatedBed,195358,200812,
90,ActuatedBed,195358,200825,
90,ActuatedBed,195358,200841,
90,ActuatedBed,195358,200853,
90,ActuatedBed,195358,200868,
90,ActuatedBed,195358,200882,
90,ActuatedBed,195358,200909,
90,ActuatedBed,195358,200922,
90,ActuatedBed,195358,200940,
90,ActuatedBed,195358,200950,
90,ActuatedBed,195358,200963,
90,ActuatedBed,195358,200981,
90,ActuatedBed,195358,200991,
90,ActuatedBed,195358,201009,
90,ActuatedBed,195358,201022,
90,ActuatedBed,195358,201032,
90,ActuatedBed,195358,201062,
90,ActuatedBed,195358,201077,
90,ActuatedBed,195358,201091,
90,ActuatedBed,195358,201103,
90,ActuatedBed,195358,201118,
90,ActuatedBed,195358,201132,
90,ActuatedBed,195358,201147,
90,ActuatedBed,195358,201159,
90,ActuatedBed,195358,201172,
90,ActuatedBed,195358,201190,
90,ActuatedBed,195358,201218,
90,ActuatedBed,195358,201231,
90,ActuatedBed,195358,201241,
90,ActuatedBed,195358,201259,
90,ActuatedBed,195358,201272,
90,ActuatedBed,195358,201282,
90,ActuatedBed,195358,201299,
90,ActuatedBed,195358,201312,
90,ActuatedBed,195358,201327,
90,ActuatedBed,195358,201340,
90,ActuatedBed,195358,201368,
90,ActuatedBed,195358,201381,
90,ActuatedBed,195358,201397,
90,ActuatedBed,195358,201409,
90,ActuatedBed,195358,201422,
90,ActuatedBed,195358,201438,
90,ActuatedBed,195358,201450,
90,ActuatedBed,206144,206159,
90,ActuatedBed,206144,206173,
90,ActuatedBed,206144,206185,
90,ActuatedBed,206144,206198,
90,ActuatedBed,206144,206214,
90,ActuatedBed,206144,206226,
90,ActuatedBed,206144,206241,
90,ActuatedBed,206144,206255,
90,ActuatedBed,206144,206287,
90,ActuatedBed,206144,206323,
90,ActuatedBed,206144,206341,
90,ActuatedBed,206144,206354,
90,ActuatedBed,206144,206369,
90,ActuatedBed,206144,206382,
90,ActuatedBed,206144,206395,
90,ActuatedBed,206144,206407,
90,ActuatedBed,206144,206435,
90,ActuatedBed,206144,206448,
90,ActuatedBed,206144,206464,
90,ActuatedBed,206144,206476,
90,ActuatedBed,206144,206489,
90,ActuatedBed,206144,206504,
90,ActuatedBed,206144,206517,
90,ActuatedBed,206144,206530,
90,ActuatedBed,206144,206544,
90,ActuatedBed,206144,206558,
90,ActuatedBed,206144,206585,
90,ActuatedBed,206144,206599,
90,ActuatedBed,206144,206614,
90,ActuatedBed,206144,206626,
90,ActuatedBed,206144,206640,
90,ActuatedBed,206144,206655,
90,ActuatedBed,206144,206667,
90,ActuatedBed,206144,206685,
90,ActuatedBed,206144,206698,
90,ActuatedBed,206144,206708,
90,ActuatedBed,206144,206739,
90,ActuatedBed,206144,206754,
90,ActuatedBed,206144,206767,
90,ActuatedBed,206144,206780,
90,ActuatedBed,206144,206794,
90,ActuatedBed,206144,206808,
90,ActuatedBed,206144,206820,
90,ActuatedBed,206144,206835,
90,ActuatedBed,206144,206849,
90,ActuatedBed,206144,206864,
90,ActuatedBed,206144,206889,
90,ActuatedBed,206144,206905,
90,ActuatedBed,206144,206922,
90,ActuatedBed,206144,206935,
90,ActuatedBed,206144,206945,
90,ActuatedBed,206144,206958,
90,ActuatedBed,206144,206976,
90,ActuatedBed,206144,206989,
90,ActuatedBed,206144,207004,
90,ActuatedBed,206144,207016,
90,ActuatedBed,206144,207045,
90,ActuatedBed,206144,207057,
90,ActuatedBed,206144,207073,
90,ActuatedBed,206144,207085,
90,ActuatedBed,206144,207098,
90,ActuatedBed,206144,207119,
90,ActuatedBed,206144,207144,
90,ActuatedBed,206144,207155,
90,ActuatedBed,206144,207167,
90,ActuatedBed,206144,207195,
90,ActuatedBed,206144,207213,
90,ActuatedBed,206144,207225,
90,ActuatedBed,206144,207239,
90,ActuatedBed,206144,207254,
90,ActuatedBed,206144,207266,
90,ActuatedBed,206144,207280,
90,ActuatedBed,206144,207295,
90,ActuatedBed,206144,207307,
90,ActuatedBed,206144,207323,
90,ActuatedBed,206144,207350,
90,ActuatedBed,206144,207364,
90,ActuatedBed,206144,207376,
90,ActuatedBed,206144,207394,
90,ActuatedBed,206144,207405,
90,ActuatedBed,206144,207422,
90,ActuatedBed,206144,207435,
90,ActuatedBed,206144,207446,
90,ActuatedBed,206144,207463,
90,ActuatedBed,206144,207475,
90,ActuatedBed,206144,207504,
90,ActuatedBed,206144,207516,
90,ActuatedBed,206144,207532,
90,ActuatedBed,206144,207545,
90,ActuatedBed,206144,207557,
90,ActuatedBed,206144,207572,
90,ActuatedBed,206144,207585,
90,ActuatedBed,206144,207598,
90,ActuatedBed,206144,207613,
90,ActuatedBed,206144,207626,
90,ActuatedBed,206144,207654,
90,ActuatedBed,206144,207672,
90,ActuatedBed,206144,207685,
90,ActuatedBed,206144,207695,
90,ActuatedBed,206144,207713,
90,ActuatedBed,206144,207725,
90,ActuatedBed,206144,207740,
90,ActuatedBed,206144,207754,
90,ActuatedBed,206144,207766,
90,ActuatedBed,206144,207781,
90,ActuatedBed,206144,207810,
90,ActuatedBed,206144,207822,
90,ActuatedBed,206144,207836,
90,ActuatedBed,206144,207850,
90,ActuatedBed,206144,207863,
90,ActuatedBed,206144,207876,
90,ActuatedBed,206144,207891,
90,ActuatedBed,206144,207904,
90,ActuatedBed,206144,207922,
90,ActuatedBed,206144,207935,
90,ActuatedBed,206144,207963,
90,ActuatedBed,206144,207975,
90,ActuatedBed,206144,207990,
90,ActuatedBed,206144,208004,
90,ActuatedBed,206144,208016,
90,ActuatedBed,206144,208031,
90,ActuatedBed,206144,208050,
90,ActuatedBed,206144,208060,
90,ActuatedBed,206144,208072,
90,ActuatedBed,206144,208086,
90,ActuatedBed,206144,208113,
90,ActuatedBed,206144,208131,
90,ActuatedBed,206144,208141,
90,ActuatedBed,206144,208154,
90,ActuatedBed,206144,208172,
90,ActuatedBed,206144,208182,
90,ActuatedBed,206144,208200,
90,ActuatedBed,206144,208212,
90,ActuatedBed,206144,208226,
90,ActuatedBed,206144,208240,
90,ActuatedBed,206144,208269,
90,ActuatedBed,206144,208281,
90,ActuatedBed,206144,208294,
90,ActuatedBed,206144,208310,
90,ActuatedBed,206144,208322,
90,ActuatedBed,206144,208340,
90,ActuatedBed,206144,208351,
90,ActuatedBed,206144,208363,
90,ActuatedBed,206144,208380,
90,ActuatedBed,206144,208391,
90,ActuatedBed,206144,208421,
90,ActuatedBed,206144,208432,
90,ActuatedBed,206144,208450,
90,ActuatedBed,206144,208462,
90,ActuatedBed,206144,208476,
90,ActuatedBed,206144,208491,
90,ActuatedBed,206144,208503,
90,ActuatedBed,206144,208519,
90,ActuatedBed,206144,208531,
90,ActuatedBed,206144,208546,
90,ActuatedBed,206144,208572,
90,ActuatedBed,206144,208587,
90,ActuatedBed,206144,208601,
90,ActuatedBed,206144,208613,
90,ActuatedBed,206144,208630,
90,ActuatedBed,206144,208641,
90,ActuatedBed,206144,208659,
90,ActuatedBed,206144,208671,
90,ActuatedBed,206144,208687,
90,ActuatedBed,206144,208700,
90,ActuatedBed,206144,208728,
90,ActuatedBed,206144,208741,
90,ActuatedBed,206144,208753,
90,ActuatedBed,206144,208769,
90,ActuatedBed,206144,208781,
90,ActuatedBed,206144,208796,
90,ActuatedBed,206144,208809,
90,ActuatedBed,206144,208822,
90,ActuatedBed,206144,208837,
90,ActuatedBed,206144,208850,
90,ActuatedBed,206144,208881,
90,ActuatedBed,206144,208890,
90,ActuatedBed,206144,208909,
90,ActuatedBed,206144,208921,
90,ActuatedBed,206144,208936,
90,ActuatedBed,206144,208950,
90,ActuatedBed,206144,208962,
90,ActuatedBed,206144,208977,
90,ActuatedBed,206144,208991,
90,ActuatedBed,206144,209006,
90,ActuatedBed,206144,209031,
90,ActuatedBed,206144,209046,
90,ActuatedBed,206144,209059,
90,ActuatedBed,206144,209072,
90,ActuatedBed,206144,209087,
90,ActuatedBed,206144,209100,
90,ActuatedBed,206144,209118,
90,ActuatedBed,206144,209133,
90,ActuatedBed,206144,209145,
90,ActuatedBed,206144,209159,
90,ActuatedBed,206144,209186,
90,ActuatedBed,206144,209200,
90,ActuatedBed,206144,209212,
90,ActuatedBed,206144,209227,
90,ActuatedBed,206144,209241,
90,ActuatedBed,206144,209256,
90,ActuatedBed,206144,209268,
90,ActuatedBed,206144,209286,
90,ActuatedBed,206144,209296,
90,ActuatedBed,206144,209309,
90,ActuatedBed,206144,209337,
90,ActuatedBed,206144,209350,
90,ActuatedBed,206144,209368,
90,ActuatedBed,206144,209378,
90,ActuatedBed,206144,209391,
90,ActuatedBed,206144,209409,
90,ActuatedBed,206144,209421,
90,ActuatedBed,206144,209436,
90,ActuatedBed,206144,209449,
90,ActuatedBed,206144,209465,
90,ActuatedBed,206144,209490,
90,ActuatedBed,206144,209506,
90,ActuatedBed,206144,209518,
90,ActuatedBed,206144,209533,
90,ActuatedBed,206144,209546,
90,ActuatedBed,206144,209559,
90,ActuatedBed,206144,209576,
90,ActuatedBed,206144,209587,
90,ActuatedBed,206144,209600,
90,ActuatedBed,206144,209617,
90,ActuatedBed,206144,209646,
90,ActuatedBed,206144,209658,
90,ActuatedBed,206144,209669,
90,ActuatedBed,206144,209686,
