Direction,tCount,Time,HeadRotation,HeadPitch,HeadYaw,TrunkRotation,TrunkPitch,TrunkYaw,StartRotation
270,1,1.972713,(346.62* 243.72* 359.88),0.02903567,0.4627589,(2.15* 356.84* 351.37),0.7577863,112.8618,(346.73* 243.26* 359.86)
270,1,2.0054,(346.54* 243.73* 359.88),0.06714331,0.4781285,(2.14* 356.83* 351.36),0.776536,112.8602,(346.73* 243.26* 359.86)
270,1,2.049524,(346.49* 243.68* 359.87),0.0968291,0.4240699,(2.15* 356.84* 351.35),0.7741691,112.8619,(346.73* 243.26* 359.86)
270,1,2.074722,(346.51* 243.67* 359.87),0.09152903,0.412903,(2.15* 356.85* 351.32),0.8020561,112.8762,(346.73* 243.26* 359.86)
270,1,2.104448,(346.50* 243.68* 359.87),0.09251051,0.4253835,(2.15* 356.86* 351.30),0.8157049,112.8902,(346.73* 243.26* 359.86)
270,1,2.133433,(346.53* 243.73* 359.85),0.09748672,0.4678772,(2.15* 356.87* 351.28),0.8387157,112.8942,(346.73* 243.26* 359.86)
270,1,2.162006,(346.53* 243.76* 359.84),0.1049988,0.4922614,(2.14* 356.87* 351.28),0.8424966,112.8972,(346.73* 243.26* 359.86)
270,1,2.19075,(346.53* 243.75* 359.85),0.09811765,0.4911859,(2.14* 356.86* 351.27),0.8537711,112.8907,(346.73* 243.26* 359.86)
270,1,2.218531,(346.54* 243.73* 359.86),0.0859815,0.4691685,(2.11* 356.89* 351.37),0.7774983,112.9102,(346.73* 243.26* 359.86)
270,1,2.246409,(346.60* 243.67* 359.90),0.02189012,0.421851,(2.09* 356.90* 351.40),0.7520963,112.9261,(346.73* 243.26* 359.86)
270,1,2.285221,(346.67* 243.63* 359.90),-0.003849663,0.3821591,(2.09* 356.91* 351.38),0.7715632,112.9295,(346.73* 243.26* 359.86)
270,1,2.315223,(346.85* 243.62* 359.90),-0.08621216,0.3709764,(2.10* 356.91* 351.38),0.7755584,112.9313,(346.73* 243.26* 359.86)
270,1,2.343416,(347.12* 243.71* 359.82),-0.1443787,0.4381124,(2.08* 356.71* 351.08),1.048237,112.7427,(346.73* 243.26* 359.86)
270,1,2.37094,(347.61* 243.82* 359.72),-0.274292,0.5243099,(2.02* 356.62* 350.95),1.192072,112.6647,(346.73* 243.26* 359.86)
270,1,2.399305,(348.24* 243.93* 359.63),-0.4807434,0.6129173,(2.01* 356.55* 350.87),1.26309,112.5936,(346.73* 243.26* 359.86)
270,1,2.42774,(349.15* 244.08* 359.60),-0.8640747,0.7534638,(2.01* 356.55* 350.86),1.279355,112.596,(346.73* 243.26* 359.86)
270,1,2.456147,(350.35* 244.22* 359.58),-1.377838,0.8625621,(1.97* 356.74* 350.96),1.200437,112.7816,(346.73* 243.26* 359.86)
270,1,2.482972,(351.54* 244.28* 359.59),-1.923431,0.891726,(1.99* 356.80* 350.98),1.181435,112.8414,(346.73* 243.26* 359.86)
270,1,2.510277,(353.08* 244.43* 359.62),-2.639954,0.9965668,(2.02* 356.84* 350.97),1.175329,112.8854,(346.73* 243.26* 359.86)
270,1,2.538364,(354.64* 244.58* 359.58),-3.302368,1.065278,(2.02* 356.86* 351.12),1.040317,112.8963,(346.73* 243.26* 359.86)
270,1,2.566754,(356.35* 244.70* 359.53),-4.023651,1.084535,(2.07* 356.87* 351.11),1.029605,112.908,(346.73* 243.26* 359.86)
270,1,2.593829,(358.50* 244.78* 359.47),-4.916901,1.011371,(2.12* 356.89* 351.08),1.030334,112.9309,(346.73* 243.26* 359.86)
270,1,2.622584,(0.70* 244.86* 359.42),-5.844177,0.8968869,(2.15* 356.78* 350.96),1.127825,112.8194,(346.73* 243.26* 359.86)
270,1,2.649826,(3.03* 244.96* 359.34),-6.787262,0.7673401,(2.20* 356.84* 350.96),1.106842,112.8819,(346.73* 243.26* 359.86)
270,1,2.677679,(5.53* 245.05* 359.19),-7.735474,0.5751791,(2.32* 356.69* 350.72),1.272004,112.7454,(346.73* 243.26* 359.86)
270,1,2.705731,(8.16* 245.24* 359.06),-8.748566,0.4233299,(2.39* 356.78* 350.87),1.103324,112.8343,(346.73* 243.26* 359.86)
270,1,2.733319,(10.84* 245.38* 359.03),-9.847717,0.173234,(2.33* 356.78* 351.04),0.9797922,112.8191,(346.73* 243.26* 359.86)
270,1,2.761752,(13.42* 245.52* 359.04),-10.92944,-0.1250305,(2.36* 356.78* 351.02),0.9770197,112.8195,(346.73* 243.26* 359.86)
270,1,2.789962,(16.01* 245.65* 359.11),-12.05313,-0.4836731,(2.50* 356.67* 350.86),1.064632,112.7228,(346.73* 243.26* 359.86)
270,1,2.817615,(18.42* 245.83* 359.16),-13.06451,-0.8042908,(2.59* 356.58* 350.82),1.057193,112.6387,(346.73* 243.26* 359.86)
270,2,3.998553,(347.54* 244.85* 1.51),-1.800964,1.95242,(1.78* 356.14* 352.73),-0.3000793,112.1149,(346.73* 243.26* 359.86)
270,2,4.028111,(348.16* 244.87* 1.50),-2.073578,1.956329,(1.77* 356.21* 352.75),-0.3108826,112.1812,(346.73* 243.26* 359.86)
270,2,4.053875,(348.89* 244.91* 1.47),-2.386353,1.965709,(1.88* 356.31* 353.05),-0.6377258,112.2791,(346.73* 243.26* 359.86)
270,2,4.082376,(349.73* 244.98* 1.41),-2.713104,1.992488,(1.92* 356.35* 353.16),-0.7486572,112.3136,(346.73* 243.26* 359.86)
270,2,4.109128,(350.97* 245.01* 1.39),-3.258087,1.961928,(1.91* 356.38* 353.16),-0.7475281,112.3399,(346.73* 243.26* 359.86)
270,2,4.137051,(352.52* 245.00* 1.32),-3.897614,1.850099,(1.91* 356.37* 353.17),-0.7509155,112.3361,(346.73* 243.26* 359.86)
270,2,4.166259,(354.29* 245.02* 1.23),-4.611145,1.736814,(1.93* 356.40* 353.17),-0.7594299,112.3564,(346.73* 243.26* 359.86)
270,2,4.192971,(356.17* 245.00* 1.14),-5.37854,1.56139,(1.97* 356.42* 353.19),-0.7954102,112.3812,(346.73* 243.26* 359.86)
270,2,4.220971,(358.08* 244.94* 1.06),-6.154419,1.319258,(2.03* 356.31* 353.04),-0.6886292,112.2746,(346.73* 243.26* 359.86)
270,2,4.249686,(359.98* 244.89* 0.96),-6.905914,1.065325,(2.07* 356.43* 353.31),-0.9470825,112.382,(346.73* 243.26* 359.86)
270,2,4.275957,(1.76* 244.91* 0.79),-7.536438,0.877924,(2.11* 356.38* 353.33),-0.9902954,112.3353,(346.73* 243.26* 359.86)
270,2,4.304496,(3.75* 244.96* 0.68),-8.30658,0.6735555,(2.17* 356.37* 353.47),-1.133423,112.322,(346.73* 243.26* 359.86)
270,2,4.331705,(5.77* 244.97* 0.62),-9.121155,0.4131946,(2.22* 356.31* 353.37),-1.065704,112.266,(346.73* 243.26* 359.86)
270,2,4.360019,(7.61* 244.94* 0.55),-9.851868,0.1072617,(2.32* 356.31* 353.35),-1.09848,112.2638,(346.73* 243.26* 359.86)
270,2,4.387234,(9.19* 244.99* 0.51),-10.4769,-0.09823608,(2.35* 356.28* 353.54),-1.278015,112.2212,(346.73* 243.26* 359.86)
270,2,4.415815,(10.37* 245.37* 0.47),-10.94357,0.07665893,(2.45* 356.23* 353.48),-1.273956,112.1754,(346.73* 243.26* 359.86)
270,2,4.444214,(11.56* 245.86* 0.52),-11.48212,0.352859,(2.54* 356.24* 353.50),-1.322357,112.1823,(346.73* 243.26* 359.86)
270,2,4.471942,(12.97* 246.30* 0.49),-12.0354,0.5308456,(2.53* 356.24* 353.71),-1.513641,112.1692,(346.73* 243.26* 359.86)
270,2,4.498946,(14.21* 246.72* 0.42),-12.48285,0.7155092,(2.59* 356.27* 353.75),-1.576355,112.2036,(346.73* 243.26* 359.86)
270,2,4.526801,(15.35* 247.01* 0.35),-12.87671,0.7793118,(2.55* 356.24* 353.96),-1.742065,112.1704,(346.73* 243.26* 359.86)
270,2,4.554279,(16.50* 247.29* 0.24),-13.24069,0.8405723,(2.52* 356.19* 354.18),-1.932007,112.105,(346.73* 243.26* 359.86)
270,2,4.582923,(17.78* 247.36* 0.16),-13.68097,0.638643,(2.57* 356.18* 354.27),-2.031281,112.097,(346.73* 243.26* 359.86)
270,2,4.609978,(18.96* 247.35* 0.14),-14.13284,0.3674491,(2.69* 356.29* 354.62),-2.393463,112.1909,(346.73* 243.26* 359.86)
270,3,5.555917,(344.06* 245.54* 1.75),-0.4243164,2.773262,(1.67* 355.53* 353.41),-0.867218,111.4921,(346.73* 243.26* 359.86)
270,3,5.582557,(343.85* 245.42* 1.79),-0.3590393,2.666234,(1.66* 355.62* 353.40),-0.8525391,111.5809,(346.73* 243.26* 359.86)
270,3,5.609608,(343.86* 245.33* 1.83),-0.3917542,2.578892,(1.70* 355.76* 353.59),-1.039673,111.7108,(346.73* 243.26* 359.86)
270,3,5.638384,(344.05* 245.26* 1.86),-0.5115051,2.515802,(1.70* 355.59* 353.01),-0.5141602,111.5606,(346.73* 243.26* 359.86)
270,3,5.666076,(344.34* 245.16* 1.92),-0.6955566,2.436318,(1.71* 355.52* 352.75),-0.2901001,111.4979,(346.73* 243.26* 359.86)
270,3,5.698431,(344.64* 245.10* 1.93),-0.8390198,2.368452,(1.62* 355.36* 352.47),0.004174099,111.3376,(346.73* 243.26* 359.86)
270,3,5.736376,(345.19* 245.02* 1.93),-1.096741,2.281256,(1.67* 355.50* 352.71),-0.2380981,111.4755,(346.73* 243.26* 359.86)
270,3,5.764791,(345.77* 244.98* 1.91),-1.334442,2.224826,(1.70* 355.56* 352.80),-0.3294678,111.5374,(346.73* 243.26* 359.86)
270,3,5.791957,(346.48* 244.94* 1.87),-1.632111,2.158553,(1.70* 355.68* 353.04),-0.5425415,111.6516,(346.73* 243.26* 359.86)
270,3,5.82069,(347.37* 244.93* 1.78),-1.956696,2.107773,(1.71* 355.70* 353.07),-0.5749817,111.6662,(346.73* 243.26* 359.86)
270,3,5.846519,(348.36* 244.87* 1.72),-2.356995,1.993314,(1.72* 355.70* 353.01),-0.5290527,111.6673,(346.73* 243.26* 359.86)
270,3,5.874345,(349.37* 244.76* 1.62),-2.737488,1.824257,(1.69* 355.63* 352.85),-0.3684387,111.5973,(346.73* 243.26* 359.86)
270,3,5.902177,(350.49* 244.71* 1.58),-3.211609,1.716331,(1.71* 355.62* 352.81),-0.3389282,111.5899,(346.73* 243.26* 359.86)
270,3,5.930023,(351.76* 244.70* 1.49),-3.704041,1.624884,(1.75* 355.65* 352.78),-0.3372803,111.6191,(346.73* 243.26* 359.86)
270,3,5.957717,(353.19* 244.59* 1.42),-4.290558,1.410208,(1.78* 355.70* 352.87),-0.428772,111.672,(346.73* 243.26* 359.86)
270,3,5.98574,(354.54* 244.57* 1.36),-4.845123,1.292297,(1.80* 355.70* 352.86),-0.4308472,111.6676,(346.73* 243.26* 359.86)
270,3,6.012914,(355.86* 244.60* 1.37),-5.442322,1.214113,(1.83* 355.74* 352.88),-0.4596558,111.7112,(346.73* 243.26* 359.86)
270,3,6.040983,(357.45* 244.59* 1.30),-6.086426,1.051986,(1.87* 355.78* 353.01),-0.5892944,111.7477,(346.73* 243.26* 359.86)
270,3,6.068403,(359.18* 244.57* 1.26),-6.823975,0.8505408,(1.89* 355.74* 352.99),-0.5801392,111.7115,(346.73* 243.26* 359.86)
270,3,6.097184,(0.85* 244.55* 1.21),-7.513977,0.6426059,(1.95* 355.77* 353.14),-0.7431641,111.7344,(346.73* 243.26* 359.86)
270,3,6.124635,(2.64* 244.51* 1.07),-8.176575,0.3766623,(1.98* 355.76* 353.24),-0.8523865,111.7148,(346.73* 243.26* 359.86)
270,3,6.151906,(4.27* 244.51* 0.96),-8.785706,0.160424,(2.02* 355.76* 353.29),-0.9117737,111.7194,(346.73* 243.26* 359.86)
270,3,6.180085,(5.81* 244.56* 0.87),-9.368103,-0.01205444,(2.11* 355.70* 353.24),-0.908844,111.6599,(346.73* 243.26* 359.86)
270,3,6.20826,(7.30* 244.57* 0.72),-9.869141,-0.2254333,(2.17* 355.70* 353.33),-1.00769,111.6555,(346.73* 243.26* 359.86)
270,3,6.235686,(8.51* 244.62* 0.62),-10.29474,-0.362793,(2.28* 355.67* 353.35),-1.078552,111.6207,(346.73* 243.26* 359.86)
270,3,6.263371,(9.62* 244.65* 0.40),-10.56769,-0.5005493,(2.34* 355.60* 353.45),-1.193207,111.5504,(346.73* 243.26* 359.86)
270,3,6.291032,(10.65* 244.69* 0.08),-10.71295,-0.6054382,(2.42* 355.61* 353.57),-1.339111,111.5517,(346.73* 243.26* 359.86)
270,3,6.319091,(11.27* 244.69* 359.54),-10.48511,-0.6534119,(2.39* 355.62* 353.84),-1.566681,111.5569,(346.73* 243.26* 359.86)
270,3,6.347333,(12.16* 244.32* 359.23),-10.58209,-1.131104,(2.45* 355.71* 354.16),-1.881683,111.6288,(346.73* 243.26* 359.86)
270,3,6.374947,(13.52* 243.88* 359.01),-10.94794,-1.771454,(2.52* 355.74* 354.20),-1.941559,111.6596,(346.73* 243.26* 359.86)
270,3,6.40238,(15.09* 243.61* 358.75),-11.36295,-2.278717,(2.58* 355.67* 354.20),-1.974091,111.5885,(346.73* 243.26* 359.86)
270,3,6.430302,(16.47* 243.63* 358.70),-11.87949,-2.511047,(2.79* 355.79* 354.74),-2.545715,111.6888,(346.73* 243.26* 359.86)
270,3,6.458464,(17.85* 243.71* 358.66),-12.40182,-2.695923,(2.90* 355.76* 354.69),-2.550049,111.651,(346.73* 243.26* 359.86)
45,1,10.29869,(346.45* 245.57* 0.26),-0.2185059,2.399321,(2.48* 356.32* 353.81),-1.581268,112.256,(346.73* 243.26* 359.86)
45,1,10.31911,(346.45* 245.51* 0.27),-0.2307739,2.347001,(2.47* 356.33* 353.81),-1.57785,112.2658,(346.73* 243.26* 359.86)
45,1,10.34691,(346.47* 245.47* 0.28),-0.2484741,2.311434,(2.48* 356.21* 353.54),-1.332275,112.1471,(346.73* 243.26* 359.86)
45,1,10.37559,(346.46* 245.42* 0.32),-0.2771912,2.268585,(2.47* 356.06* 353.29),-1.105377,112.0069,(346.73* 243.26* 359.86)
45,1,10.4033,(346.40* 245.35* 0.31),-0.2424622,2.196386,(2.48* 356.03* 353.27),-1.089447,111.976,(346.73* 243.26* 359.86)
45,1,10.43508,(346.41* 245.33* 0.32),-0.2561035,2.173618,(2.49* 356.01* 353.37),-1.186188,111.9543,(346.73* 243.26* 359.86)
45,1,10.45828,(346.41* 245.30* 0.32),-0.2564392,2.152586,(2.52* 356.03* 353.40),-1.222534,111.9763,(346.73* 243.26* 359.86)
45,1,10.48572,(346.41* 245.32* 0.33),-0.2676392,2.171329,(2.54* 356.05* 353.41),-1.242981,111.9983,(346.73* 243.26* 359.86)
45,1,10.51347,(346.41* 245.35* 0.32),-0.2541504,2.202174,(2.59* 356.12* 353.55),-1.391418,112.0551,(346.73* 243.26* 359.86)
45,1,10.54201,(346.39* 245.38* 0.32),-0.2470093,2.230676,(2.56* 356.07* 353.55),-1.381195,112.0063,(346.73* 243.26* 359.86)
45,1,10.56905,(346.36* 245.41* 0.29),-0.2077637,2.255174,(2.52* 356.05* 353.46),-1.283539,111.9923,(346.73* 243.26* 359.86)
45,1,10.59786,(346.33* 245.60* 0.24),-0.146698,2.430694,(2.51* 356.10* 353.51),-1.317322,112.0372,(346.73* 243.26* 359.86)
45,1,10.625,(346.19* 245.93* 0.24),-0.08236694,2.756121,(2.50* 356.11* 353.44),-1.253937,112.0536,(346.73* 243.26* 359.86)
45,1,10.65312,(345.71* 246.37* 0.34),0.04138198,3.222887,(2.52* 356.15* 353.40),-1.228455,112.0901,(346.73* 243.26* 359.86)
45,1,10.68042,(345.04* 246.87* 0.44),0.2577521,3.743654,(2.52* 356.19* 353.27),-1.112427,112.1367,(346.73* 243.26* 359.86)
45,1,10.70807,(343.78* 247.53* 0.79),0.524334,4.493562,(2.53* 356.30* 353.38),-1.212433,112.2429,(346.73* 243.26* 359.86)
45,1,10.73637,(342.39* 248.29* 0.96),1.012071,5.280904,(2.55* 356.41* 353.53),-1.362579,112.3478,(346.73* 243.26* 359.86)
45,1,10.76384,(341.06* 249.28* 1.06),1.531942,6.281099,(2.51* 356.61* 353.91),-1.683838,112.5356,(346.73* 243.26* 359.86)
45,1,10.79172,(339.38* 250.61* 1.25),2.142509,7.619799,(2.46* 356.91* 353.98),-1.725769,112.8346,(346.73* 243.26* 359.86)
45,1,10.81931,(337.72* 252.25* 1.17),2.957776,9.166107,(2.46* 357.01* 354.06),-1.797974,112.9352,(346.73* 243.26* 359.86)
45,1,10.84706,(336.27* 254.26* 0.97),3.778342,11.02575,(2.42* 357.32* 354.19),-1.894775,113.2388,(346.73* 243.26* 359.86)
45,1,10.8748,(334.79* 256.41* 0.81),4.568258,13.02619,(2.36* 357.53* 354.24),-1.916748,113.4483,(346.73* 243.26* 359.86)
45,1,10.90247,(333.14* 258.74* 0.54),5.519536,15.11299,(2.35* 357.67* 354.16),-1.834839,113.5988,(346.73* 243.26* 359.86)
45,1,10.92979,(331.60* 260.93* 0.07),6.576569,16.95806,(2.36* 358.01* 353.94),-1.637756,113.9461,(346.73* 243.26* 359.86)
45,1,10.95806,(330.08* 263.00* 359.46),7.722021,18.58616,(2.27* 358.47* 354.16),-1.801666,114.3927,(346.73* 243.26* 359.86)
45,1,10.98732,(328.83* 265.05* 358.61),8.916144,20.08634,(2.14* 358.89* 354.51),-2.054993,114.8128,(346.73* 243.26* 359.86)
45,1,11.01355,(327.84* 266.83* 357.97),9.822619,21.42068,(2.10* 359.40* 354.25),-1.801239,115.331,(346.73* 243.26* 359.86)
45,1,11.04151,(326.87* 268.54* 357.30),10.73516,22.6462,(1.95* 359.72* 353.92),-1.448944,115.6621,(346.73* 243.26* 359.86)
45,1,11.06928,(326.09* 270.36* 356.35),11.77881,23.86439,(1.83* 0.12* 353.77),-1.252533,116.0688,(346.73* 243.26* 359.86)
45,1,11.09685,(325.38* 272.38* 355.36),12.80781,25.26091,(1.78* 0.55* 353.62),-1.098755,116.5027,(346.73* 243.26* 359.86)
45,1,11.12677,(324.82* 274.26* 354.58),13.61577,26.62853,(1.65* 0.89* 353.50),-0.9333496,116.8469,(346.73* 243.26* 359.86)
45,1,11.15215,(324.44* 276.31* 353.64),14.47076,28.112,(1.54* 1.22* 353.36),-0.7648926,117.1813,(346.73* 243.26* 359.86)
45,1,11.17998,(324.27* 278.21* 352.69),15.24612,29.49691,(1.44* 1.54* 353.20),-0.57901,117.5016,(346.73* 243.26* 359.86)
45,1,11.20812,(323.98* 279.81* 351.88),15.9689,30.61368,(1.35* 1.78* 352.98),-0.3399353,117.7522,(346.73* 243.26* 359.86)
45,1,11.23594,(323.90* 281.25* 351.11),16.57432,31.64168,(1.30* 1.91* 352.62),0.006432331,117.8841,(346.73* 243.26* 359.86)
45,2,12.58397,(345.74* 247.64* 2.78),-2.075134,5.112489,(2.30* 357.02* 352.17),-0.02319336,113.0117,(346.73* 243.26* 359.86)
45,2,12.61053,(345.62* 247.77* 2.86),-2.088287,5.267614,(2.21* 357.05* 352.34),-0.135437,113.0386,(346.73* 243.26* 359.86)
45,2,12.63877,(345.41* 247.97* 2.94),-2.061707,5.501751,(2.11* 357.14* 352.47),-0.2129822,113.1209,(346.73* 243.26* 359.86)
45,2,12.6664,(344.91* 248.35* 3.07),-1.937073,5.925779,(2.13* 357.27* 352.64),-0.3773499,113.2421,(346.73* 243.26* 359.86)
45,2,12.69441,(344.09* 249.01* 3.20),-1.670349,6.645553,(2.19* 357.49* 352.92),-0.6490173,113.4593,(346.73* 243.26* 359.86)
45,2,12.72713,(343.10* 249.89* 3.33),-1.318085,7.586963,(2.15* 357.70* 353.03),-0.730011,113.6641,(346.73* 243.26* 359.86)
45,2,12.75019,(342.13* 250.85* 3.39),-0.9207153,8.584132,(2.17* 357.75* 352.94),-0.6632996,113.7119,(346.73* 243.26* 359.86)
45,2,12.7777,(340.92* 252.13* 3.34),-0.3152771,9.858813,(2.18* 357.91* 352.91),-0.6402893,113.8725,(346.73* 243.26* 359.86)
45,2,12.80551,(339.48* 253.82* 3.28),0.4013586,11.52416,(2.06* 358.16* 353.01),-0.6792908,114.1206,(346.73* 243.26* 359.86)
45,2,12.83315,(337.84* 255.82* 3.01),1.385291,13.41398,(2.02* 358.42* 353.09),-0.7310181,114.3804,(346.73* 243.26* 359.86)
45,2,12.85421,(336.83* 257.22* 2.81),2.015803,14.71238,(1.92* 358.65* 353.16),-0.75177,114.6085,(346.73* 243.26* 359.86)
45,2,12.87732,(335.27* 259.51* 2.41),3.060948,16.77975,(1.92* 358.68* 353.18),-0.7669373,114.6451,(346.73* 243.26* 359.86)
45,2,12.90398,(333.71* 262.08* 1.90),4.180521,19.06169,(1.93* 359.05* 353.32),-0.9002686,115.0025,(346.73* 243.26* 359.86)
45,2,12.93125,(332.30* 264.52* 1.32),5.276207,21.15213,(1.65* 359.09* 352.63),-0.153717,115.0722,(346.73* 243.26* 359.86)
45,2,12.95885,(330.86* 267.45* 0.23),6.772784,23.46809,(1.76* 359.48* 353.12),-0.6466064,115.4422,(346.73* 243.26* 359.86)
45,2,12.98675,(329.61* 270.49* 359.03),8.258995,25.82141,(1.72* 359.88* 353.24),-0.7333069,115.8425,(346.73* 243.26* 359.86)
45,2,13.01475,(328.28* 273.62* 357.85),9.733492,28.21989,(1.64* 0.10* 353.25),-0.7032471,116.0634,(346.73* 243.26* 359.86)
45,2,13.04175,(327.06* 276.62* 356.50),11.27182,30.38213,(1.39* 0.55* 353.29),-0.6374817,116.516,(346.73* 243.26* 359.86)
45,2,13.06921,(325.88* 279.30* 355.15),12.77026,32.18535,(1.27* 0.89* 353.42),-0.6993713,116.8524,(346.73* 243.26* 359.86)
45,2,13.09764,(324.75* 281.75* 353.84),14.20595,33.7271,(1.13* 1.17* 353.62),-0.8172607,117.1271,(346.73* 243.26* 359.86)
45,3,14.43051,(347.71* 246.47* 3.37),-3.499664,4.009335,(1.86* 357.04* 352.27),0.07873418,113.0239,(346.73* 243.26* 359.86)
45,3,14.45872,(347.15* 246.91* 3.36),-3.227417,4.473701,(1.90* 357.13* 352.24),0.08682967,113.1208,(346.73* 243.26* 359.86)
45,3,14.48609,(346.49* 247.51* 3.40),-2.953796,5.115968,(1.92* 357.27* 352.21),0.1025007,113.258,(346.73* 243.26* 359.86)
45,3,14.51393,(345.63* 248.19* 3.44),-2.591553,5.844487,(1.88* 357.50* 352.24),0.09856651,113.4848,(346.73* 243.26* 359.86)
45,3,14.54142,(344.59* 249.08* 3.49),-2.151154,6.782181,(1.97* 357.44* 352.09),0.1901007,113.4395,(346.73* 243.26* 359.86)
45,3,14.57386,(343.33* 250.15* 3.65),-1.701569,7.936714,(1.98* 357.71* 352.12),0.1530835,113.7012,(346.73* 243.26* 359.86)
45,3,14.59715,(341.72* 251.41* 3.85),-1.122253,9.301492,(1.99* 357.91* 352.25),0.03305726,113.9032,(346.73* 243.26* 359.86)
45,3,14.62458,(339.54* 252.88* 4.30),-0.4706421,10.94758,(2.01* 358.17* 352.35),-0.05865479,114.1579,(346.73* 243.26* 359.86)
45,3,14.65232,(336.29* 254.89* 4.56),0.8503559,13.04203,(2.04* 358.42* 352.40),-0.1126404,114.4081,(346.73* 243.26* 359.86)
45,3,14.68062,(333.92* 257.23* 4.43),2.070357,15.2731,(2.03* 358.61* 352.48),-0.1862488,114.5923,(346.73* 243.26* 359.86)
45,3,14.70859,(331.97* 259.97* 4.01),3.311675,17.75073,(1.98* 358.77* 352.37),-0.06796265,114.7507,(346.73* 243.26* 359.86)
45,3,14.7364,(330.26* 262.72* 3.35),4.615735,20.09764,(1.96* 358.92* 352.35),-0.0340271,114.9089,(346.73* 243.26* 359.86)
45,3,14.764,(328.68* 265.66* 2.22),6.201229,22.36993,(1.82* 359.17* 352.61),-0.2145081,115.1462,(346.73* 243.26* 359.86)
45,3,14.79175,(327.50* 268.44* 0.97),7.675911,24.41818,(1.73* 359.41* 352.68),-0.2347412,115.3857,(346.73* 243.26* 359.86)
45,3,14.81954,(326.14* 271.37* 359.50),9.373548,26.43982,(1.60* 359.60* 352.72),-0.2153931,115.5784,(346.73* 243.26* 359.86)
45,3,14.84718,(325.08* 274.62* 357.26),11.49465,28.38786,(1.40* 359.66* 353.29),-0.6394653,115.6263,(346.73* 243.26* 359.86)
45,3,14.87528,(324.09* 277.69* 355.10),13.50311,30.15752,(1.26* 0.05* 352.82),-0.1505127,116.026,(346.73* 243.26* 359.86)
45,3,14.90307,(323.14* 280.53* 353.26),15.23056,31.8239,(1.23* 0.35* 352.78),-0.1070862,116.3202,(346.73* 243.26* 359.86)
0,1,18.83327,(345.96* 246.35* 1.27),-0.8721313,3.429028,(3.13* 356.83* 353.96),-1.998352,112.7406,(346.73* 243.26* 359.86)
0,1,18.86582,(345.92* 246.36* 1.26),-0.8502808,3.442771,(3.17* 356.79* 353.90),-1.960297,112.6967,(346.73* 243.26* 359.86)
0,1,18.88895,(345.89* 246.36* 1.27),-0.8425293,3.440851,(3.15* 356.82* 353.94),-1.988159,112.7311,(346.73* 243.26* 359.86)
0,1,18.91661,(345.89* 246.32* 1.28),-0.8517151,3.409185,(3.15* 356.84* 353.96),-2.002441,112.7439,(346.73* 243.26* 359.86)
0,1,18.94465,(345.93* 246.30* 1.27),-0.8563538,3.385966,(3.16* 356.85* 353.97),-2.016602,112.7538,(346.73* 243.26* 359.86)
0,1,18.97167,(345.96* 246.29* 1.26),-0.8660583,3.371948,(3.16* 356.85* 353.98),-2.031097,112.7568,(346.73* 243.26* 359.86)
0,1,18.99998,(345.99* 246.31* 1.26),-0.8742676,3.391874,(3.19* 356.80* 353.95),-2.016418,112.7045,(346.73* 243.26* 359.86)
0,1,19.02777,(346.01* 246.33* 1.25),-0.883667,3.41006,(3.23* 356.70* 353.89),-1.976257,112.6103,(346.73* 243.26* 359.86)
0,1,19.05603,(346.02* 246.34* 1.28),-0.9067383,3.418863,(3.16* 356.78* 354.00),-2.046936,112.688,(346.73* 243.26* 359.86)
0,1,19.08342,(346.02* 246.33* 1.30),-0.9270325,3.415049,(3.16* 356.78* 354.00),-2.045959,112.6816,(346.73* 243.26* 359.86)
0,1,19.11049,(345.99* 246.37* 1.32),-0.9274902,3.468402,(3.16* 356.77* 354.01),-2.049042,112.6765,(346.73* 243.26* 359.86)
0,1,19.13882,(345.92* 246.68* 1.31),-0.8902588,3.771934,(3.16* 356.79* 354.02),-2.066498,112.6963,(346.73* 243.26* 359.86)
0,1,19.16655,(345.87* 247.31* 1.29),-0.8499451,4.401034,(3.17* 356.83* 354.04),-2.089447,112.7315,(346.73* 243.26* 359.86)
0,1,19.19425,(345.83* 248.24* 1.21),-0.7644653,5.31029,(3.18* 356.88* 354.06),-2.110229,112.7803,(346.73* 243.26* 359.86)
0,1,19.22203,(345.74* 249.84* 1.03),-0.5728455,6.862075,(3.17* 357.02* 354.08),-2.124847,112.924,(346.73* 243.26* 359.86)
0,1,19.24951,(345.71* 251.67* 0.94),-0.4711304,8.67277,(3.16* 357.18* 354.11),-2.147614,113.0838,(346.73* 243.26* 359.86)
0,1,19.27769,(345.60* 254.00* 0.76),-0.2686768,10.95868,(3.14* 357.34* 354.13),-2.150726,113.2395,(346.73* 243.26* 359.86)
0,1,19.30561,(345.52* 256.75* 0.60),-0.09860229,13.66522,(3.20* 357.61* 354.20),-2.248749,113.504,(346.73* 243.26* 359.86)
0,1,19.3335,(345.63* 259.79* 0.29),0.1217937,16.63177,(3.22* 358.01* 354.35),-2.387177,113.9011,(346.73* 243.26* 359.86)
0,1,19.36135,(345.73* 262.97* 359.90),0.4145364,19.71624,(3.19* 358.39* 354.35),-2.370148,114.2771,(346.73* 243.26* 359.86)
0,1,19.38885,(345.85* 266.51* 359.38),0.8108407,23.12966,(3.14* 358.79* 354.27),-2.280518,114.688,(346.73* 243.26* 359.86)
0,1,19.41664,(345.91* 270.11* 358.85),1.245769,26.60339,(3.14* 359.18* 354.38),-2.378204,115.0731,(346.73* 243.26* 359.86)
0,1,19.44438,(345.98* 273.75* 358.32),1.672646,30.12158,(3.06* 359.69* 354.29),-2.267059,115.5878,(346.73* 243.26* 359.86)
0,1,19.47245,(345.90* 277.40* 357.78),2.180208,33.64614,(2.91* 0.31* 354.48),-2.370911,116.2079,(346.73* 243.26* 359.86)
0,1,19.49986,(345.84* 281.06* 357.05),2.834423,37.14597,(2.82* 0.82* 354.66),-2.492126,116.719,(346.73* 243.26* 359.86)
0,1,19.52769,(345.67* 284.61* 356.48),3.410615,40.55396,(2.82* 1.51* 354.92),-2.720917,117.3956,(346.73* 243.26* 359.86)
0,1,19.55569,(345.59* 288.01* 355.95),3.907904,43.83359,(2.78* 2.09* 354.87),-2.664673,117.9824,(346.73* 243.26* 359.86)
0,1,19.58338,(345.67* 291.01* 355.43),4.32536,46.72451,(2.75* 2.79* 355.37),-3.09668,118.6721,(346.73* 243.26* 359.86)
0,1,19.61084,(345.80* 293.70* 354.97),4.6765,49.32446,(2.79* 3.34* 355.21),-2.972076,119.2216,(346.73* 243.26* 359.86)
0,1,19.63885,(345.99* 295.97* 354.42),5.072315,51.50187,(2.82* 3.82* 355.36),-3.115143,119.6974,(346.73* 243.26* 359.86)
0,1,19.66681,(346.24* 298.00* 354.01),5.319858,53.46678,(2.81* 4.44* 355.71),-3.42749,120.3032,(346.73* 243.26* 359.86)
0,1,19.69457,(346.60* 299.30* 353.82),5.331059,54.76179,(2.82* 4.91* 355.97),-3.664978,120.7759,(346.73* 243.26* 359.86)
0,1,19.72253,(346.99* 300.44* 353.72),5.251905,55.91031,(2.80* 5.28* 356.47),-4.112976,121.128,(346.73* 243.26* 359.86)
0,1,19.75017,(347.38* 301.29* 353.69),5.116835,56.78714,(2.96* 5.58* 356.17),-3.909698,121.4321,(346.73* 243.26* 359.86)
0,1,19.77785,(347.73* 301.86* 353.71),4.947911,57.38916,(2.97* 5.91* 356.52),-4.225464,121.7507,(346.73* 243.26* 359.86)
0,1,19.80535,(348.17* 302.05* 353.85),4.636862,57.64286,(2.86* 5.67* 355.89),-3.608734,121.5328,(346.73* 243.26* 359.86)
0,1,19.83327,(348.64* 302.25* 353.98),4.316459,57.89197,(2.95* 6.08* 356.21),-3.935028,121.9304,(346.73* 243.26* 359.86)
0,1,19.86152,(349.13* 302.31* 354.11),3.989248,58.00875,(2.94* 6.26* 356.37),-4.076141,122.1027,(346.73* 243.26* 359.86)
0,1,19.88881,(349.60* 302.50* 354.27),3.637934,58.24984,(2.93* 6.22* 356.29),-4.003052,122.0722,(346.73* 243.26* 359.86)
0,1,19.9169,(350.11* 302.48* 354.53),3.18648,58.29712,(3.01* 6.17* 356.11),-3.877258,122.0122,(346.73* 243.26* 359.86)
0,1,19.94454,(350.53* 302.45* 354.66),2.893199,58.3077,(3.05* 6.02* 355.84),-3.648865,121.8727,(346.73* 243.26* 359.86)
0,1,19.97225,(350.86* 302.33* 354.82),2.598678,58.22713,(2.99* 5.98* 355.93),-3.704712,121.8347,(346.73* 243.26* 359.86)
0,1,20.0001,(351.04* 302.13* 354.95),2.411306,58.04618,(3.01* 5.83* 355.74),-3.539032,121.6883,(346.73* 243.26* 359.86)
0,1,20.02752,(351.23* 301.90* 355.05),2.241133,57.84079,(2.99* 5.73* 355.80),-3.593933,121.5858,(346.73* 243.26* 359.86)
0,1,20.0559,(351.34* 301.37* 355.20),2.05695,57.33247,(2.99* 5.62* 356.01),-3.77951,121.4674,(346.73* 243.26* 359.86)
0,1,20.08329,(351.48* 300.81* 355.26),1.944898,56.78084,(3.00* 5.48* 355.89),-3.67157,121.3292,(346.73* 243.26* 359.86)
0,1,20.11115,(351.61* 300.10* 355.24),1.903815,56.07949,(3.09* 5.38* 355.68),-3.522766,121.2344,(346.73* 243.26* 359.86)
0,2,21.42929,(347.03* 244.73* 0.88),-1.023224,1.705673,(1.39* 355.98* 357.66),-4.559479,111.9234,(346.73* 243.26* 359.86)
0,2,21.4574,(346.94* 245.22* 0.91),-1.00351,2.197133,(1.39* 356.19* 357.69),-4.592194,112.1355,(346.73* 243.26* 359.86)
0,2,21.48716,(346.90* 245.94* 0.87),-0.9594421,2.914059,(1.37* 356.33* 357.71),-4.596466,112.2773,(346.73* 243.26* 359.86)
0,2,21.51173,(346.83* 247.00* 0.87),-0.9217834,3.970741,(1.38* 356.46* 357.82),-4.702301,112.4038,(346.73* 243.26* 359.86)
0,2,21.5398,(346.82* 248.47* 0.97),-1.008331,5.47209,(1.40* 356.73* 357.47),-4.39505,112.6691,(346.73* 243.26* 359.86)
0,2,21.5681,(346.92* 250.27* 1.03),-1.100281,7.283493,(1.39* 356.95* 357.24),-4.185394,112.8875,(346.73* 243.26* 359.86)
0,2,21.59589,(346.94* 252.70* 1.09),-1.164307,9.720166,(1.37* 357.20* 357.16),-4.101929,113.1401,(346.73* 243.26* 359.86)
0,2,21.62364,(346.84* 255.56* 0.98),-1.024353,12.55716,(1.36* 357.51* 357.09),-4.035156,113.4531,(346.73* 243.26* 359.86)
0,2,21.65112,(346.84* 259.00* 0.89),-0.9483948,15.97402,(1.32* 357.88* 357.65),-4.520782,113.8274,(346.73* 243.26* 359.86)
0,2,21.67934,(346.88* 262.63* 0.74),-0.8352051,19.57143,(1.28* 358.26* 357.63),-4.488525,114.2131,(346.73* 243.26* 359.86)
0,2,21.70737,(346.91* 266.46* 0.33),-0.4909973,23.31133,(1.15* 358.47* 358.03),-4.789856,114.4413,(346.73* 243.26* 359.86)
0,2,21.73482,(346.94* 270.47* 359.94),-0.1647644,27.22965,(1.09* 358.86* 358.11),-4.835785,114.8297,(346.73* 243.26* 359.86)
0,2,21.76277,(346.91* 274.71* 359.39),0.3263395,31.34497,(1.01* 359.25* 357.96),-4.664459,115.2297,(346.73* 243.26* 359.86)
0,2,21.79065,(346.63* 279.17* 358.63),1.11255,35.62803,(2.59* 359.21* 354.61),-2.346588,115.1115,(346.73* 243.26* 359.86)
0,2,21.81836,(346.25* 283.73* 357.76),2.042899,39.98945,(2.78* 359.62* 354.75),-2.550995,115.515,(346.73* 243.26* 359.86)
0,2,21.84631,(345.87* 287.95* 356.90),2.957359,43.99838,(2.67* 359.95* 354.96),-2.696808,115.8442,(346.73* 243.26* 359.86)
0,2,21.87407,(345.70* 291.55* 356.29),3.562191,47.45932,(2.50* 0.29* 355.22),-2.854553,116.1885,(346.73* 243.26* 359.86)
0,2,21.90168,(345.80* 294.62* 355.54),4.172554,50.36699,(2.37* 0.67* 355.68),-3.209503,116.5594,(346.73* 243.26* 359.86)
0,2,21.92933,(345.96* 297.20* 354.81),4.743769,52.80867,(2.45* 0.92* 355.69),-3.258453,116.8101,(346.73* 243.26* 359.86)
0,2,21.9599,(346.15* 299.49* 354.29),5.115468,55.00931,(2.46* 1.29* 356.18),-3.700439,117.1645,(346.73* 243.26* 359.86)
0,2,21.98535,(346.49* 300.88* 354.04),5.189635,56.37127,(2.55* 1.64* 356.51),-4.035309,117.505,(346.73* 243.26* 359.86)
0,2,22.01276,(346.86* 302.12* 353.74),5.294386,57.59169,(2.54* 2.06* 357.21),-4.66333,117.9195,(346.73* 243.26* 359.86)
0,2,22.04059,(347.27* 302.95* 353.54),5.288015,58.41529,(2.70* 2.36* 357.16),-4.684113,118.2121,(346.73* 243.26* 359.86)
0,2,22.06788,(347.68* 303.43* 353.54),5.11384,58.92511,(2.70* 2.34* 356.51),-4.103455,118.1951,(346.73* 243.26* 359.86)
0,2,22.09611,(348.19* 303.67* 353.60),4.845841,59.21657,(2.88* 2.84* 356.94),-4.559723,118.6763,(346.73* 243.26* 359.86)
0,2,22.12357,(348.82* 303.77* 353.67),4.512675,59.37453,(2.99* 3.16* 357.15),-4.801514,118.9927,(346.73* 243.26* 359.86)
0,2,22.15142,(349.63* 303.68* 353.87),3.977198,59.37193,(3.05* 3.37* 357.17),-4.850677,119.1962,(346.73* 243.26* 359.86)
0,2,22.17966,(350.24* 303.58* 354.03),3.571677,59.33086,(3.14* 3.51* 357.11),-4.830933,119.3247,(346.73* 243.26* 359.86)
0,2,22.20737,(350.96* 303.54* 354.19),3.115965,59.35167,(3.23* 3.60* 356.96),-4.732819,119.4119,(346.73* 243.26* 359.86)
0,2,22.23501,(351.48* 303.52* 354.40),2.706367,59.38425,(3.34* 3.66* 356.80),-4.642914,119.4715,(346.73* 243.26* 359.86)
0,2,22.26315,(351.82* 303.60* 354.56),2.418189,59.4916,(3.46* 3.68* 356.74),-4.642426,119.4795,(346.73* 243.26* 359.86)
0,2,22.2907,(352.12* 303.56* 354.68),2.181136,59.48244,(3.50* 3.66* 356.67),-4.590179,119.462,(346.73* 243.26* 359.86)
0,2,22.31893,(352.24* 303.59* 354.73),2.079418,59.5185,(3.56* 3.65* 356.57),-4.534851,119.4507,(346.73* 243.26* 359.86)
0,2,22.34684,(352.28* 303.48* 354.76),2.035053,59.42081,(3.67* 3.65* 356.52),-4.529938,119.4389,(346.73* 243.26* 359.86)
0,2,22.37406,(352.28* 303.28* 354.75),2.043224,59.21198,(3.74* 3.64* 356.50),-4.547516,119.4242,(346.73* 243.26* 359.86)
0,2,22.40183,(352.28* 303.02* 354.72),2.073174,58.94965,(3.80* 3.63* 356.44),-4.522003,119.4119,(346.73* 243.26* 359.86)
0,2,22.4295,(352.23* 302.72* 354.72),2.098001,58.64873,(3.86* 3.59* 356.45),-4.55191,119.3723,(346.73* 243.26* 359.86)
0,2,22.45741,(352.16* 302.48* 354.71),2.12934,58.40731,(3.89* 3.52* 356.45),-4.564575,119.2948,(346.73* 243.26* 359.86)
0,2,22.48535,(352.15* 302.30* 354.75),2.105459,58.23307,(3.92* 3.45* 356.45),-4.576141,119.2258,(346.73* 243.26* 359.86)
0,2,22.51287,(352.15* 302.21* 354.80),2.054892,58.14346,(3.93* 3.39* 356.51),-4.638275,119.1649,(346.73* 243.26* 359.86)
0,2,22.54116,(352.12* 302.13* 354.84),2.033016,58.07265,(3.90* 3.29* 356.52),-4.632233,119.0694,(346.73* 243.26* 359.86)
0,2,22.56865,(352.12* 302.08* 354.89),1.986135,58.02876,(3.89* 3.18* 356.49),-4.60202,118.9532,(346.73* 243.26* 359.86)
0,2,22.59662,(352.13* 302.00* 354.98),1.907962,57.95411,(3.84* 3.00* 356.62),-4.693756,118.7753,(346.73* 243.26* 359.86)
0,2,22.62431,(352.25* 301.95* 355.02),1.817896,57.91882,(3.85* 2.89* 356.65),-4.730499,118.6614,(346.73* 243.26* 359.86)
0,2,22.65204,(352.32* 301.97* 354.98),1.818685,57.93605,(3.83* 2.83* 356.69),-4.752899,118.6045,(346.73* 243.26* 359.86)
0,2,22.68009,(352.37* 302.00* 355.05),1.736193,57.96966,(3.77* 2.71* 356.74),-4.768219,118.4914,(346.73* 243.26* 359.86)
0,2,22.70767,(352.51* 301.99* 355.23),1.52018,57.98616,(3.70* 2.62* 356.77),-4.763794,118.4047,(346.73* 243.26* 359.86)
0,2,22.73559,(352.79* 301.81* 355.42),1.225458,57.84172,(3.66* 2.55* 356.74),-4.725494,118.3336,(346.73* 243.26* 359.86)
0,2,22.7635,(353.14* 301.28* 355.69),0.8278059,57.34665,(3.57* 2.33* 356.44),-4.41626,118.1349,(346.73* 243.26* 359.86)
0,2,22.79088,(353.33* 300.48* 355.90),0.5584236,56.56775,(3.41* 1.90* 355.63),-3.621216,117.735,(346.73* 243.26* 359.86)
0,3,24.15247,(347.07* 246.72* 0.38),-0.6013489,3.578275,(3.17* 355.87* 353.20),-1.333282,111.809,(346.73* 243.26* 359.86)
0,3,24.1803,(346.98* 247.62* 0.51),-0.6817322,4.508991,(3.05* 356.05* 353.51),-1.553009,111.9768,(346.73* 243.26* 359.86)
0,3,24.20789,(346.93* 248.79* 0.57),-0.7076111,5.696057,(2.99* 356.17* 353.61),-1.621338,112.0925,(346.73* 243.26* 359.86)
0,3,24.24058,(346.85* 250.61* 0.78),-0.8572693,7.560158,(2.97* 356.29* 353.54),-1.546906,112.2232,(346.73* 243.26* 359.86)
0,3,24.26344,(346.78* 252.62* 0.96),-0.9781189,9.615364,(3.01* 356.48* 353.50),-1.529022,112.4111,(346.73* 243.26* 359.86)
0,3,24.29082,(346.81* 255.09* 0.98),-1.007599,12.08804,(2.92* 356.73* 353.67),-1.64856,112.6603,(346.73* 243.26* 359.86)
0,3,24.31903,(346.73* 258.45* 0.89),-0.8952332,15.42674,(2.83* 357.10* 353.88),-1.794098,113.0172,(346.73* 243.26* 359.86)
0,3,24.34707,(346.81* 261.84* 0.76),-0.8171082,18.7872,(2.86* 357.32* 353.89),-1.814972,113.2425,(346.73* 243.26* 359.86)
0,3,24.37472,(346.92* 265.43* 0.45),-0.6029053,22.30437,(2.77* 357.63* 354.01),-1.884247,113.5489,(346.73* 243.26* 359.86)
0,3,24.40266,(347.16* 269.03* 0.12),-0.4163818,25.8221,(2.67* 358.07* 354.10),-1.92627,113.9856,(346.73* 243.26* 359.86)
0,3,24.43037,(347.47* 272.32* 359.81),-0.2911377,29.04183,(2.49* 358.52* 354.17),-1.905487,114.4412,(346.73* 243.26* 359.86)
0,3,24.4584,(348.04* 275.14* 359.50),-0.2714844,31.79696,(2.43* 358.95* 354.18),-1.891235,114.8761,(346.73* 243.26* 359.86)
0,3,24.48604,(348.89* 277.41* 359.21),-0.4059753,34.00954,(2.39* 359.36* 354.22),-1.906982,115.2804,(346.73* 243.26* 359.86)
0,3,24.51397,(349.73* 279.55* 358.87),-0.4768372,36.06914,(2.31* 359.81* 354.16),-1.82309,115.7368,(346.73* 243.26* 359.86)
0,3,24.54181,(350.16* 281.87* 358.55),-0.3948364,38.34019,(2.26* 0.28* 354.22),-1.852325,116.2037,(346.73* 243.26* 359.86)
0,3,24.56958,(350.52* 284.02* 358.42),-0.4350891,40.4607,(2.13* 0.81* 354.47),-2.017761,116.7343,(346.73* 243.26* 359.86)
0,3,24.59776,(351.00* 286.07* 358.26),-0.5072937,42.48308,(2.21* 1.23* 354.53),-2.107697,117.1458,(346.73* 243.26* 359.86)
0,3,24.62493,(351.39* 288.21* 358.09),-0.5318604,44.59097,(2.21* 1.65* 354.58),-2.151642,117.5711,(346.73* 243.26* 359.86)
0,3,24.6525,(351.79* 290.22* 357.96),-0.5931091,46.57986,(2.23* 2.01* 354.57),-2.151062,117.9273,(346.73* 243.26* 359.86)
0,3,24.68088,(352.07* 292.02* 357.83),-0.6005249,48.35971,(2.30* 2.37* 354.65),-2.253357,118.28,(346.73* 243.26* 359.86)
0,3,24.70822,(352.32* 293.72* 357.65),-0.5481873,50.02517,(2.36* 2.73* 354.81),-2.422394,118.643,(346.73* 243.26* 359.86)
0,3,24.73632,(352.67* 295.04* 357.50),-0.5684814,51.32251,(2.41* 3.09* 354.97),-2.586182,118.9939,(346.73* 243.26* 359.86)
90,1,28.18074,(346.56* 245.17* 0.69),-0.6511536,2.104705,(3.47* 355.84* 353.67),-1.88092,111.7551,(346.73* 243.26* 359.86)
90,1,28.20805,(346.57* 245.18* 0.69),-0.6512451,2.116931,(3.46* 355.85* 353.67),-1.881714,111.7577,(346.73* 243.26* 359.86)
90,1,28.24029,(346.56* 245.20* 0.68),-0.6340027,2.13617,(3.46* 355.85* 353.68),-1.886108,111.7594,(346.73* 243.26* 359.86)
90,1,28.26311,(346.56* 245.20* 0.67),-0.6297607,2.1268,(3.46* 355.85* 353.68),-1.892456,111.7632,(346.73* 243.26* 359.86)
90,1,28.29093,(346.57* 245.20* 0.68),-0.6381226,2.130232,(3.46* 355.86* 353.67),-1.883789,111.7729,(346.73* 243.26* 359.86)
90,1,28.31891,(346.59* 245.21* 0.66),-0.6329346,2.135097,(3.47* 355.88* 353.67),-1.881744,111.7862,(346.73* 243.26* 359.86)
90,1,28.34685,(346.59* 245.23* 0.65),-0.6283264,2.154756,(3.48* 355.90* 353.66),-1.886139,111.8124,(346.73* 243.26* 359.86)
90,1,28.37493,(346.61* 245.27* 0.62),-0.6088867,2.186957,(3.49* 355.91* 353.67),-1.89093,111.8237,(346.73* 243.26* 359.86)
90,1,28.40264,(346.62* 245.33* 0.61),-0.601593,2.23935,(3.49* 355.92* 353.66),-1.88855,111.8295,(346.73* 243.26* 359.86)
90,1,28.43013,(346.61* 245.35* 0.61),-0.6005554,2.265606,(3.51* 355.96* 353.68),-1.915283,111.8725,(346.73* 243.26* 359.86)
90,1,28.45813,(346.52* 245.35* 0.63),-0.5709839,2.265056,(3.51* 355.98* 353.67),-1.90448,111.8933,(346.73* 243.26* 359.86)
90,1,28.48807,(346.45* 245.32* 0.63),-0.545166,2.244031,(3.51* 355.99* 353.67),-1.903931,111.8958,(346.73* 243.26* 359.86)
90,1,28.514,(346.34* 245.32* 0.63),-0.4884033,2.237731,(3.52* 355.99* 353.66),-1.895996,111.8996,(346.73* 243.26* 359.86)
90,1,28.54124,(346.13* 245.33* 0.64),-0.4046021,2.25768,(3.52* 356.00* 353.67),-1.905975,111.9069,(346.73* 243.26* 359.86)
90,1,28.56864,(345.69* 245.37* 0.65),-0.2168274,2.299203,(3.55* 356.00* 353.69),-1.940582,111.9102,(346.73* 243.26* 359.86)
90,1,28.59678,(345.04* 245.44* 0.68),0.05193749,2.374618,(3.57* 355.99* 353.69),-1.945221,111.9006,(346.73* 243.26* 359.86)
90,1,28.62445,(344.18* 245.44* 0.74),0.3919867,2.39367,(3.58* 356.00* 353.70),-1.962952,111.9064,(346.73* 243.26* 359.86)
90,1,28.65205,(342.89* 245.50* 0.73),0.9862481,2.431601,(3.57* 356.00* 353.73),-1.98175,111.9049,(346.73* 243.26* 359.86)
90,1,28.68015,(341.47* 245.66* 0.68),1.667728,2.546629,(3.53* 355.96* 353.72),-1.959656,111.8696,(346.73* 243.26* 359.86)
90,1,28.70796,(339.63* 245.89* 0.56),2.598827,2.683982,(3.48* 355.95* 353.75),-1.961304,111.8613,(346.73* 243.26* 359.86)
90,1,28.73591,(337.38* 246.36* 0.47),3.68961,3.011039,(3.41* 355.98* 353.86),-2.029053,111.8792,(346.73* 243.26* 359.86)
90,1,28.75688,(336.22* 246.57* 0.40),4.263441,3.11849,(3.37* 355.96* 353.91),-2.059448,111.8651,(346.73* 243.26* 359.86)
90,1,28.77742,(334.17* 246.97* 0.30),5.260922,3.334374,(3.35* 355.94* 353.94),-2.075806,111.8422,(346.73* 243.26* 359.86)
90,1,28.80505,(332.03* 247.27* 0.32),6.185937,3.451138,(3.23* 355.89* 353.98),-2.064453,111.7987,(346.73* 243.26* 359.86)
90,1,28.8327,(329.95* 247.43* 0.34),7.092468,3.395319,(3.11* 355.92* 353.84),-1.878418,111.8368,(346.73* 243.26* 359.86)
90,1,28.86065,(328.03* 247.49* 0.37),7.906708,3.240913,(3.04* 355.93* 354.02),-2.011993,111.8379,(346.73* 243.26* 359.86)
90,1,28.88792,(326.08* 247.57* 0.44),8.689262,3.101174,(2.92* 355.87* 353.92),-1.867371,111.79,(346.73* 243.26* 359.86)
90,1,28.91646,(324.28* 247.35* 0.56),9.375244,2.684159,(2.78* 356.01* 354.07),-1.945526,111.9298,(346.73* 243.26* 359.86)
90,1,28.94425,(322.54* 247.25* 0.65),10.05792,2.35898,(2.48* 356.04* 354.03),-1.78009,111.9674,(346.73* 243.26* 359.86)
90,1,28.97222,(320.85* 247.17* 0.70),10.72936,2.036294,(2.25* 356.03* 353.91),-1.568268,111.965,(346.73* 243.26* 359.86)
90,1,28.99977,(319.21* 247.06* 0.83),11.32952,1.711508,(2.17* 356.00* 353.65),-1.295319,111.9448,(346.73* 243.26* 359.86)
90,1,29.02716,(317.71* 246.95* 0.86),11.92914,1.337274,(2.02* 356.04* 353.61),-1.196625,111.9917,(346.73* 243.26* 359.86)
90,1,29.05546,(316.34* 246.91* 0.99),12.40929,1.104461,(1.89* 356.09* 353.72),-1.238373,112.0345,(346.73* 243.26* 359.86)
90,2,31.14433,(343.60* 245.97* 1.07),0.3687548,3.008708,(3.36* 356.34* 353.97),-2.111084,112.2418,(346.73* 243.26* 359.86)
90,2,31.1671,(343.56* 245.97* 1.07),0.3922083,3.004811,(3.34* 356.36* 353.98),-2.107452,112.2568,(346.73* 243.26* 359.86)
90,2,31.19456,(343.46* 245.94* 1.07),0.4316134,2.976329,(3.31* 356.33* 353.97),-2.081726,112.2279,(346.73* 243.26* 359.86)
90,2,31.22237,(343.27* 245.92* 1.08),0.5140433,2.96423,(3.45* 356.26* 353.67),-1.877563,112.1747,(346.73* 243.26* 359.86)
90,2,31.24976,(343.07* 245.92* 1.05),0.6259233,2.950558,(3.49* 356.25* 353.58),-1.815948,112.1685,(346.73* 243.26* 359.86)
90,2,31.27791,(342.59* 245.94* 1.06),0.8347029,2.963333,(3.49* 356.25* 353.58),-1.816223,112.1669,(346.73* 243.26* 359.86)
90,2,31.3054,(342.01* 245.92* 1.08),1.08904,2.942423,(3.45* 356.21* 353.58),-1.792145,112.1232,(346.73* 243.26* 359.86)
90,2,31.33301,(341.13* 245.91* 1.15),1.430391,2.934215,(3.45* 356.18* 353.58),-1.791016,112.0976,(346.73* 243.26* 359.86)
90,2,31.36108,(340.08* 245.92* 1.14),1.908727,2.915287,(3.47* 356.20* 353.58),-1.80542,112.111,(346.73* 243.26* 359.86)
90,2,31.3891,(338.69* 245.88* 1.25),2.451557,2.868263,(3.47* 356.19* 353.54),-1.770538,112.108,(346.73* 243.26* 359.86)
90,2,31.41686,(337.08* 245.96* 1.23),3.198392,2.872652,(3.48* 356.17* 353.56),-1.792023,112.0878,(346.73* 243.26* 359.86)
90,2,31.44484,(335.52* 245.94* 1.22),3.909574,2.75831,(3.49* 356.18* 353.58),-1.814697,112.093,(346.73* 243.26* 359.86)
90,2,31.47229,(333.94* 245.91* 1.33),4.532202,2.674165,(3.48* 356.25* 353.56),-1.789795,112.1611,(346.73* 243.26* 359.86)
90,2,31.4929,(333.14* 245.92* 1.41),4.829246,2.653974,(3.48* 356.27* 353.54),-1.769348,112.1871,(346.73* 243.26* 359.86)
90,2,31.51396,(331.53* 245.93* 1.47),5.503573,2.558864,(3.47* 356.28* 353.53),-1.757416,112.1981,(346.73* 243.26* 359.86)
90,2,31.54138,(329.80* 245.94* 1.57),6.199321,2.457897,(3.42* 356.30* 353.51),-1.72171,112.2163,(346.73* 243.26* 359.86)
90,2,31.56911,(328.17* 246.06* 1.61),6.896811,2.423775,(3.36* 356.30* 353.48),-1.66507,112.218,(346.73* 243.26* 359.86)
90,2,31.5974,(326.48* 246.17* 1.70),7.579039,2.383847,(3.27* 356.26* 353.48),-1.628845,112.1841,(346.73* 243.26* 359.86)
90,2,31.62477,(324.84* 246.24* 1.73),8.281199,2.271065,(3.21* 356.33* 353.55),-1.664551,112.2553,(346.73* 243.26* 359.86)
90,2,31.65234,(323.19* 246.44* 1.67),9.043139,2.206972,(3.14* 356.36* 353.50),-1.587036,112.2828,(346.73* 243.26* 359.86)
90,2,31.68044,(321.74* 246.57* 1.67),9.669116,2.119682,(3.04* 356.39* 353.66),-1.684448,112.3173,(346.73* 243.26* 359.86)
90,2,31.70827,(320.56* 246.70* 1.70),10.15452,2.092339,(2.84* 356.19* 353.35),-1.319092,112.1316,(346.73* 243.26* 359.86)
90,2,31.73792,(319.40* 246.79* 1.68),10.66442,1.971339,(2.64* 356.27* 353.23),-1.13089,112.2231,(346.73* 243.26* 359.86)
90,2,31.76411,(318.42* 246.77* 1.72),11.05058,1.808491,(2.54* 356.28* 353.08),-0.9483337,112.239,(346.73* 243.26* 359.86)
90,2,31.79108,(317.49* 246.73* 1.76),11.41697,1.62026,(2.51* 356.22* 352.85),-0.7282104,112.1888,(346.73* 243.26* 359.86)
90,2,31.8193,(316.86* 246.61* 1.86),11.61822,1.44303,(2.42* 356.21* 352.71),-0.5629883,112.1848,(346.73* 243.26* 359.86)
90,3,32.74998,(348.55* 246.19* 1.41),-2.178558,3.240217,(3.34* 355.93* 353.05),-1.267639,111.8739,(346.73* 243.26* 359.86)
90,3,32.77772,(348.42* 246.26* 1.41),-2.117584,3.318131,(3.38* 355.94* 353.10),-1.335175,111.8763,(346.73* 243.26* 359.86)
90,3,32.80749,(348.23* 246.30* 1.38),-2.006042,3.359872,(3.34* 356.01* 353.46),-1.641937,111.9357,(346.73* 243.26* 359.86)
90,3,32.8467,(347.40* 246.37* 1.44),-1.676056,3.466166,(3.44* 355.80* 353.39),-1.615753,111.7256,(346.73* 243.26* 359.86)
90,3,32.87449,(346.68* 246.38* 1.47),-1.375916,3.502831,(3.51* 356.11* 353.92),-2.128265,112.0036,(346.73* 243.26* 359.86)
90,3,32.902,(345.68* 246.41* 1.56),-0.9972229,3.566611,(3.61* 356.11* 353.86),-2.121002,112.0056,(346.73* 243.26* 359.86)
90,3,32.92967,(344.73* 246.44* 1.57),-0.5765381,3.61186,(3.69* 356.19* 353.87),-2.155853,112.0809,(346.73* 243.26* 359.86)
90,3,32.95819,(343.63* 246.41* 1.68),-0.1628723,3.616729,(3.71* 356.19* 353.90),-2.196075,112.0779,(346.73* 243.26* 359.86)
90,3,32.98577,(342.31* 246.40* 1.72),0.4051806,3.616822,(3.74* 356.22* 353.83),-2.151733,112.1185,(346.73* 243.26* 359.86)
90,3,33.01308,(340.64* 246.35* 1.84),1.066483,3.590181,(3.67* 356.29* 354.02),-2.288116,112.176,(346.73* 243.26* 359.86)
90,3,33.04136,(339.07* 246.27* 1.92),1.722857,3.50334,(3.61* 356.32* 354.20),-2.423035,112.199,(346.73* 243.26* 359.86)
90,3,33.06855,(337.46* 246.25* 2.01),2.385686,3.460632,(3.74* 356.33* 354.14),-2.42041,112.2143,(346.73* 243.26* 359.86)
90,3,33.0968,(335.75* 246.28* 2.01),3.168891,3.416236,(3.65* 356.36* 354.10),-2.350372,112.2444,(346.73* 243.26* 359.86)
90,3,33.12463,(333.99* 246.28* 2.08),3.90531,3.347342,(3.70* 356.53* 354.40),-2.642975,112.3986,(346.73* 243.26* 359.86)
90,3,33.15188,(332.29* 246.25* 2.06),4.702296,3.193327,(3.70* 356.57* 354.48),-2.710724,112.4357,(346.73* 243.26* 359.86)
90,3,33.18034,(330.67* 246.28* 1.92),5.538865,3.031961,(3.66* 356.47* 354.21),-2.452148,112.3536,(346.73* 243.26* 359.86)
90,3,33.20797,(328.91* 246.21* 1.90),6.342835,2.788953,(3.61* 356.44* 354.07),-2.304779,112.3243,(346.73* 243.26* 359.86)
90,3,33.23582,(327.08* 246.17* 1.86),7.188843,2.54414,(3.56* 356.44* 354.02),-2.242645,112.3312,(346.73* 243.26* 359.86)
90,3,33.26329,(325.06* 246.15* 1.95),8.015082,2.327087,(3.41* 356.40* 354.01),-2.161469,112.2999,(346.73* 243.26* 359.86)
90,3,33.29098,(323.40* 246.31* 1.91),8.778332,2.242785,(3.24* 356.42* 354.08),-2.154114,112.3168,(346.73* 243.26* 359.86)
90,3,33.31933,(322.09* 246.52* 1.89),9.359195,2.250868,(3.21* 356.37* 353.97),-2.044098,112.2789,(346.73* 243.26* 359.86)
90,3,33.34673,(320.45* 246.70* 1.90),10.06777,2.185752,(3.15* 356.38* 353.91),-1.958679,112.2911,(346.73* 243.26* 359.86)
90,3,33.37447,(319.12* 246.83* 1.84),10.67223,2.06271,(2.93* 356.37* 354.04),-1.980194,112.2826,(346.73* 243.26* 359.86)
90,3,33.40211,(317.67* 246.89* 1.96),11.21085,1.937066,(2.79* 356.13* 353.54),-1.469971,112.067,(346.73* 243.26* 359.86)
90,3,33.4298,(316.52* 246.98* 1.88),11.74825,1.765935,(2.62* 356.26* 353.59),-1.438965,112.1971,(346.73* 243.26* 359.86)
225,1,36.86065,(346.09* 245.41* 1.21),-0.8826599,2.472206,(4.11* 355.92* 354.22),-2.661285,111.7784,(346.73* 243.26* 359.86)
225,1,36.8874,(346.06* 245.37* 1.20),-0.8639832,2.438338,(4.11* 355.92* 354.26),-2.69574,111.7829,(346.73* 243.26* 359.86)
225,1,36.91585,(346.06* 245.35* 1.17),-0.8381653,2.405274,(4.11* 355.90* 354.33),-2.761108,111.7585,(346.73* 243.26* 359.86)
225,1,36.94817,(346.00* 245.29* 1.21),-0.836792,2.355309,(4.11* 355.89* 354.41),-2.82901,111.7452,(346.73* 243.26* 359.86)
225,1,36.9712,(345.98* 245.27* 1.21),-0.833252,2.340237,(4.11* 355.87* 354.43),-2.84491,111.7241,(346.73* 243.26* 359.86)
225,1,36.99886,(346.01* 245.25* 1.26),-0.883667,2.330922,(4.14* 355.75* 354.46),-2.884155,111.5941,(346.73* 243.26* 359.86)
225,1,37.0266,(346.01* 245.22* 1.27),-0.8983459,2.298715,(4.09* 355.78* 354.37),-2.785248,111.6297,(346.73* 243.26* 359.86)
225,1,37.05474,(346.05* 245.21* 1.27),-0.9108276,2.293467,(4.14* 355.74* 354.19),-2.649414,111.6026,(346.73* 243.26* 359.86)
225,1,37.07553,(346.07* 245.21* 1.27),-0.9259949,2.290656,(4.15* 355.74* 354.17),-2.635834,111.5965,(346.73* 243.26* 359.86)
225,1,37.09642,(346.07* 245.17* 1.28),-0.9384155,2.25144,(4.16* 355.73* 354.17),-2.63562,111.5926,(346.73* 243.26* 359.86)
225,1,37.124,(346.06* 244.95* 1.32),-0.9605408,2.04128,(4.15* 355.72* 354.20),-2.654083,111.5842,(346.73* 243.26* 359.86)
225,1,37.15279,(346.10* 244.66* 1.34),-1.002686,1.761395,(4.14* 355.72* 354.22),-2.672211,111.5765,(346.73* 243.26* 359.86)
225,1,37.17842,(346.23* 244.27* 1.48),-1.177734,1.401123,(4.14* 355.71* 354.23),-2.681366,111.5651,(346.73* 243.26* 359.86)
225,1,37.20658,(346.37* 243.63* 1.67),-1.402618,0.805415,(4.14* 355.70* 354.23),-2.682861,111.5601,(346.73* 243.26* 359.86)
225,1,37.2344,(346.62* 242.95* 1.80),-1.632416,0.1515088,(4.15* 355.69* 354.21),-2.670013,111.5541,(346.73* 243.26* 359.86)
225,1,37.2621,(346.99* 242.19* 2.01),-1.988495,-0.5714722,(4.16* 355.69* 354.21),-2.674469,111.546,(346.73* 243.26* 359.86)
225,1,37.29005,(347.44* 241.45* 2.24),-2.395264,-1.267761,(4.17* 355.66* 354.19),-2.663879,111.5211,(346.73* 243.26* 359.86)
225,1,37.31822,(348.18* 240.71* 2.50),-2.954895,-1.975464,(4.19* 355.63* 354.18),-2.659424,111.4902,(346.73* 243.26* 359.86)
225,1,37.34607,(349.06* 239.91* 2.79),-3.613556,-2.764557,(4.15* 355.62* 354.29),-2.740845,111.4786,(346.73* 243.26* 359.86)
225,1,37.37396,(350.14* 239.06* 3.06),-4.341461,-3.618469,(4.21* 355.42* 354.04),-2.544678,111.285,(346.73* 243.26* 359.86)
225,1,37.40148,(351.20* 238.00* 3.28),-5.020782,-4.707977,(4.17* 355.28* 354.06),-2.539917,111.1504,(346.73* 243.26* 359.86)
225,1,37.42979,(352.34* 236.95* 3.41),-5.658691,-5.83844,(4.15* 355.26* 354.29),-2.743439,111.1192,(346.73* 243.26* 359.86)
225,1,37.4575,(353.65* 235.83* 3.54),-6.374878,-7.05722,(4.13* 355.04* 354.15),-2.59967,110.9004,(346.73* 243.26* 359.86)
225,1,37.48532,(355.02* 234.69* 3.61),-7.056305,-8.324249,(4.13* 354.85* 353.98),-2.453278,110.7186,(346.73* 243.26* 359.86)
225,1,37.51251,(356.48* 233.58* 3.66),-7.76416,-9.601563,(3.99* 354.75* 354.11),-2.509369,110.6218,(346.73* 243.26* 359.86)
225,1,37.54062,(357.97* 232.54* 3.72),-8.488861,-10.81973,(4.05* 354.58* 353.90),-2.345398,110.4596,(346.73* 243.26* 359.86)
225,1,37.56829,(359.62* 231.56* 3.80),-9.296051,-12.03067,(4.04* 354.36* 353.83),-2.27478,110.2421,(346.73* 243.26* 359.86)
225,1,37.59626,(1.54* 230.76* 3.87),-10.20471,-13.1185,(4.07* 354.21* 353.95),-2.39859,110.0891,(346.73* 243.26* 359.86)
225,1,37.62406,(3.60* 229.98* 3.90),-11.13333,-14.24994,(4.17* 353.92* 353.81),-2.314056,109.801,(346.73* 243.26* 359.86)
225,1,37.6517,(5.91* 229.33* 3.93),-12.16052,-15.32343,(4.26* 353.62* 353.60),-2.16861,109.5127,(346.73* 243.26* 359.86)
225,1,37.6799,(8.22* 228.55* 3.95),-13.15781,-16.57779,(4.30* 353.40* 353.64),-2.222473,109.2857,(346.73* 243.26* 359.86)
225,1,37.70825,(10.41* 227.64* 4.02),-14.13507,-17.97192,(4.35* 353.19* 353.58),-2.19165,109.0813,(346.73* 243.26* 359.86)
225,1,37.73543,(12.46* 226.56* 3.73),-14.70819,-19.50165,(4.44* 353.01* 353.57),-2.216583,108.8932,(346.73* 243.26* 359.86)
225,1,37.7633,(14.35* 225.33* 3.58),-15.34286,-21.18143,(4.67* 353.07* 353.75),-2.485321,108.934,(346.73* 243.26* 359.86)
225,1,37.79054,(16.13* 223.85* 3.15),-15.66412,-23.05334,(4.50* 352.51* 353.71),-2.370544,108.3814,(346.73* 243.26* 359.86)
225,1,37.81849,(17.62* 222.37* 2.70),-15.84204,-24.82944,(4.53* 352.33* 353.99),-2.633331,108.1846,(346.73* 243.26* 359.86)
225,1,37.8464,(18.68* 221.00* 2.37),-15.96472,-26.41229,(4.71* 352.17* 354.20),-2.900146,108.0014,(346.73* 243.26* 359.86)
225,1,37.8742,(19.74* 219.61* 2.05),-16.09332,-28.01004,(4.80* 351.93* 354.09),-2.843018,107.772,(346.73* 243.26* 359.86)
225,1,37.90195,(20.63* 218.37* 1.72),-16.14523,-29.41147,(4.93* 351.72* 354.42),-3.194763,107.5359,(346.73* 243.26* 359.86)
225,1,37.92977,(21.40* 217.27* 1.53),-16.2738,-30.66946,(5.05* 351.45* 354.47),-3.291595,107.2515,(346.73* 243.26* 359.86)
225,1,37.95788,(21.89* 216.53* 1.47),-16.40289,-31.52759,(5.16* 351.13* 354.30),-3.191925,106.9396,(346.73* 243.26* 359.86)
225,1,37.98549,(22.27* 215.90* 1.42),-16.50134,-32.24356,(4.34* 350.79* 356.13),-4.469696,106.5537,(346.73* 243.26* 359.86)
225,1,38.01299,(22.60* 215.53* 1.49),-16.685,-32.73074,(5.27* 350.58* 354.68),-3.57901,106.3568,(346.73* 243.26* 359.86)
225,1,38.04098,(22.78* 215.35* 1.66),-16.89429,-33.00943,(5.28* 349.94* 353.68),-2.688049,105.7863,(346.73* 243.26* 359.86)
225,1,38.06849,(22.77* 215.39* 1.91),-17.10233,-33.03464,(5.07* 350.06* 354.86),-3.652405,105.8378,(346.73* 243.26* 359.86)
225,1,38.09654,(22.55* 215.54* 2.20),-17.27737,-32.90533,(4.92* 349.85* 355.00),-3.711761,105.6232,(346.73* 243.26* 359.86)
225,1,38.1244,(22.13* 215.90* 2.56),-17.4317,-32.51807,(3.59* 350.15* 357.08),-5.002472,105.9331,(346.73* 243.26* 359.86)
225,1,38.15205,(21.77* 216.29* 2.89),-17.58035,-32.11252,(4.61* 349.93* 356.03),-4.496643,105.6781,(346.73* 243.26* 359.86)
225,1,38.18018,(21.46* 216.68* 3.20),-17.7345,-31.70877,(3.89* 349.71* 356.83),-4.908264,105.4763,(346.73* 243.26* 359.86)
225,1,38.20988,(20.86* 217.11* 3.58),-17.84619,-31.19794,(4.64* 349.08* 354.07),-2.756836,104.93,(346.73* 243.26* 359.86)
225,1,38.23586,(20.19* 217.42* 3.94),-17.91031,-30.76996,(3.00* 349.95* 358.33),-5.865509,105.7604,(346.73* 243.26* 359.86)
225,1,38.26286,(19.62* 217.58* 4.19),-17.91083,-30.49466,(4.45* 349.62* 355.44),-3.89743,105.4043,(346.73* 243.26* 359.86)
225,1,38.29072,(19.16* 217.63* 4.27),-17.81497,-30.33005,(3.01* 349.77* 357.10),-4.767059,105.5975,(346.73* 243.26* 359.86)
225,2,39.41633,(346.02* 245.15* 4.18),-3.407227,2.984221,(5.17* 355.20* 353.29),-2.284088,111.0801,(346.73* 243.26* 359.86)
225,2,39.44401,(346.35* 244.83* 4.24),-3.610809,2.66006,(5.12* 355.20* 353.48),-2.437225,111.069,(346.73* 243.26* 359.86)
225,2,39.47158,(346.80* 244.48* 4.27),-3.852753,2.297893,(5.12* 355.12* 353.61),-2.548676,110.981,(346.73* 243.26* 359.86)
225,2,39.49956,(347.43* 244.04* 4.31),-4.174103,1.829007,(5.14* 355.05* 353.59),-2.544861,110.9039,(346.73* 243.26* 359.86)
225,2,39.52758,(348.19* 243.39* 4.38),-4.588531,1.140201,(5.14* 354.99* 353.62),-2.572235,110.8455,(346.73* 243.26* 359.86)
225,2,39.55986,(348.99* 242.52* 4.35),-4.939606,0.2058642,(5.11* 354.80* 353.66),-2.595978,110.6529,(346.73* 243.26* 359.86)
225,2,39.58321,(349.89* 241.50* 4.40),-5.393677,-0.8739624,(5.11* 354.71* 353.72),-2.649689,110.5576,(346.73* 243.26* 359.86)
225,2,39.61021,(350.94* 240.32* 4.44),-5.924347,-2.141449,(5.07* 354.60* 353.76),-2.663177,110.4461,(346.73* 243.26* 359.86)
225,2,39.63828,(352.19* 238.99* 4.50),-6.546295,-3.579254,(5.03* 354.43* 353.77),-2.658173,110.2772,(346.73* 243.26* 359.86)
225,2,39.66614,(353.47* 237.50* 4.60),-7.227905,-5.192596,(5.02* 354.30* 353.77),-2.65451,110.1474,(346.73* 243.26* 359.86)
225,2,39.69415,(354.79* 235.89* 4.72),-7.937012,-6.932007,(5.04* 354.11* 353.81),-2.694641,109.9518,(346.73* 243.26* 359.86)
225,2,39.722,(356.24* 234.35* 4.83),-8.692078,-8.652527,(5.04* 353.95* 353.91),-2.788025,109.7891,(346.73* 243.26* 359.86)
225,2,39.74944,(357.85* 232.78* 4.94),-9.523285,-10.43396,(5.05* 353.71* 353.89),-2.775513,109.5523,(346.73* 243.26* 359.86)
225,2,39.77758,(359.41* 231.10* 5.06),-10.32547,-12.35193,(4.98* 353.70* 354.03),-2.867249,109.533,(346.73* 243.26* 359.86)
225,2,39.80547,(0.90* 229.57* 5.09),-11.02069,-14.12872,(5.07* 353.38* 353.97),-2.847839,109.2128,(346.73* 243.26* 359.86)
225,2,39.83323,(2.57* 227.98* 5.07),-11.73718,-16.01447,(5.07* 353.23* 354.05),-2.925262,109.0619,(346.73* 243.26* 359.86)
225,2,39.85425,(3.43* 227.20* 5.14),-12.17773,-16.96021,(5.15* 352.98* 353.78),-2.719299,108.824,(346.73* 243.26* 359.86)
225,2,39.87482,(5.06* 225.67* 5.13),-12.87234,-18.81326,(5.11* 352.91* 353.95),-2.851837,108.7465,(346.73* 243.26* 359.86)
225,2,39.90209,(6.50* 224.23* 5.06),-13.42865,-20.56421,(5.16* 352.72* 354.09),-2.998291,108.5431,(346.73* 243.26* 359.86)
225,2,39.92957,(8.01* 222.79* 4.96),-13.97842,-22.33417,(5.44* 352.89* 354.38),-3.38324,108.6757,(346.73* 243.26* 359.86)
225,2,39.95763,(9.49* 221.44* 4.97),-14.60513,-24.02328,(5.29* 352.08* 353.92),-2.904449,107.9091,(346.73* 243.26* 359.86)
225,2,39.98549,(11.01* 220.03* 4.85),-15.12088,-25.79266,(5.32* 351.91* 354.20),-3.16684,107.7144,(346.73* 243.26* 359.86)
225,2,40.01349,(12.33* 218.63* 4.78),-15.6004,-27.51868,(5.43* 351.66* 354.28),-3.284088,107.4589,(346.73* 243.26* 359.86)
225,2,40.04156,(13.60* 217.30* 4.67),-16.01251,-29.16428,(5.48* 351.42* 354.14),-3.17984,107.2232,(346.73* 243.26* 359.86)
225,2,40.06881,(15.15* 215.96* 4.60),-16.56305,-30.909,(5.45* 351.06* 353.90),-2.954315,106.8805,(346.73* 243.26* 359.86)
225,3,41.7223,(346.50* 244.19* 2.84),-2.482574,1.651238,(5.82* 355.11* 353.43),-2.697357,110.9535,(346.73* 243.26* 359.86)
225,3,41.74958,(347.26* 243.66* 2.93),-2.907288,1.114614,(5.78* 355.07* 353.49),-2.733215,110.9037,(346.73* 243.26* 359.86)
225,3,41.77759,(348.33* 242.84* 3.09),-3.53418,0.2738187,(5.68* 355.04* 353.60),-2.791382,110.8701,(346.73* 243.26* 359.86)
225,3,41.80524,(349.72* 241.78* 3.19),-4.260193,-0.8424988,(5.73* 354.90* 353.33),-2.563629,110.7532,(346.73* 243.26* 359.86)
225,3,41.8328,(351.06* 240.58* 3.30),-4.97287,-2.114777,(5.76* 354.77* 353.09),-2.368439,110.6436,(346.73* 243.26* 359.86)
225,3,41.86581,(352.54* 238.85* 3.66),-5.974854,-3.904327,(5.75* 354.53* 353.05),-2.323334,110.4034,(346.73* 243.26* 359.86)
225,3,41.88859,(353.93* 237.32* 3.82),-6.742249,-5.543243,(5.76* 354.46* 353.06),-2.33429,110.3333,(346.73* 243.26* 359.86)
225,3,41.91636,(355.37* 235.47* 4.00),-7.565796,-7.529297,(5.76* 354.26* 353.06),-2.337921,110.1336,(346.73* 243.26* 359.86)
225,3,41.94413,(356.94* 233.55* 4.11),-8.369171,-9.629852,(5.79* 354.06* 353.10),-2.388184,109.9313,(346.73* 243.26* 359.86)
225,3,41.9714,(358.54* 231.55* 4.26),-9.225342,-11.8382,(5.67* 353.90* 353.32),-2.533081,109.7567,(346.73* 243.26* 359.86)
225,3,42.00011,(0.24* 229.62* 4.34),-10.05319,-14.01584,(5.69* 353.67* 353.29),-2.514557,109.523,(346.73* 243.26* 359.86)
225,3,42.02707,(1.92* 227.78* 4.37),-10.82355,-16.13321,(5.66* 353.49* 353.55),-2.733063,109.3236,(346.73* 243.26* 359.86)
225,3,42.05538,(3.85* 226.17* 4.34),-11.63858,-18.09616,(5.71* 353.21* 353.66),-2.855835,109.0327,(346.73* 243.26* 359.86)
225,3,42.08343,(5.97* 224.84* 4.22),-12.44211,-19.83063,(5.72* 352.88* 353.76),-2.947815,108.7002,(346.73* 243.26* 359.86)
225,3,42.11046,(8.35* 223.90* 4.01),-13.26773,-21.25266,(6.01* 352.70* 353.57),-2.907684,108.5212,(346.73* 243.26* 359.86)
225,3,42.13853,(10.93* 223.29* 3.99),-14.31552,-22.44385,(5.75* 352.05* 353.66),-2.872284,107.8807,(346.73* 243.26* 359.86)
225,3,42.1667,(13.28* 222.66* 4.06),-15.33533,-23.65012,(5.79* 351.85* 353.71),-2.934814,107.667,(346.73* 243.26* 359.86)
225,3,42.19399,(15.00* 222.01* 4.08),-16.03778,-24.73874,(5.81* 351.42* 353.70),-2.928436,107.2394,(346.73* 243.26* 359.86)
225,3,42.22223,(16.28* 221.45* 4.00),-16.46936,-25.63571,(5.81* 351.09* 354.06),-3.254517,106.8784,(346.73* 243.26* 359.86)
225,3,42.24955,(17.08* 220.84* 4.07),-16.83838,-26.47955,(5.76* 350.82* 354.27),-3.421722,106.5969,(346.73* 243.26* 359.86)
225,3,42.27742,(17.39* 220.22* 4.07),-16.96359,-27.18613,(5.83* 350.42* 354.32),-3.501984,106.1944,(346.73* 243.26* 359.86)
225,3,42.30592,(17.77* 219.73* 4.06),-17.0975,-27.77991,(5.85* 350.23* 354.50),-3.669647,105.9879,(346.73* 243.26* 359.86)
225,3,42.33334,(18.07* 219.20* 4.07),-17.2247,-28.40079,(5.75* 350.05* 354.88),-3.966644,105.789,(346.73* 243.26* 359.86)
225,3,42.36101,(18.16* 218.78* 4.08),-17.26675,-28.8428,(5.78* 349.87* 354.88),-3.979156,105.5987,(346.73* 243.26* 359.86)
225,3,42.38866,(18.18* 218.44* 4.08),-17.27588,-29.19498,(5.78* 349.66* 354.95),-4.041901,105.3838,(346.73* 243.26* 359.86)
225,3,42.41679,(18.17* 218.16* 4.12),-17.30075,-29.47449,(5.67* 349.55* 355.32),-4.319794,105.2642,(346.73* 243.26* 359.86)
225,3,42.44452,(18.12* 217.86* 4.10),-17.2688,-29.76044,(5.65* 349.42* 355.48),-4.454681,105.1263,(346.73* 243.26* 359.86)
225,3,42.47182,(18.16* 217.69* 4.08),-17.26932,-29.93964,(5.65* 349.34* 355.61),-4.577942,105.0326,(346.73* 243.26* 359.86)
180,1,45.40311,(346.69* 245.60* 1.62),-1.509399,2.75383,(5.76* 355.57* 353.64),-2.856201,111.4019,(346.73* 243.26* 359.86)
180,1,45.43015,(346.69* 245.54* 1.65),-1.540558,2.703604,(5.75* 355.64* 353.82),-3.010468,111.4549,(346.73* 243.26* 359.86)
180,1,45.45834,(346.70* 245.42* 1.73),-1.607574,2.599522,(5.74* 355.66* 353.94),-3.116791,111.4675,(346.73* 243.26* 359.86)
180,1,45.48603,(346.67* 245.33* 1.71),-1.583435,2.508813,(5.69* 355.66* 353.98),-3.130524,111.468,(346.73* 243.26* 359.86)
180,1,45.51357,(346.65* 245.22* 1.72),-1.575165,2.397168,(5.66* 355.64* 354.01),-3.145569,111.4387,(346.73* 243.26* 359.86)
180,1,45.54414,(346.74* 245.12* 1.73),-1.623291,2.29513,(5.67* 355.60* 354.05),-3.185211,111.4017,(346.73* 243.26* 359.86)
180,1,45.57858,(346.83* 245.03* 1.74),-1.681366,2.206939,(5.65* 355.56* 354.08),-3.208252,111.356,(346.73* 243.26* 359.86)
180,1,45.60095,(346.86* 244.83* 1.77),-1.722168,2.021156,(5.65* 355.53* 354.09),-3.210419,111.328,(346.73* 243.26* 359.86)
180,1,45.63063,(346.87* 244.48* 1.84),-1.781494,1.681328,(5.64* 355.48* 354.13),-3.249573,111.2709,(346.73* 243.26* 359.86)
180,1,45.66111,(346.87* 243.94* 1.88),-1.814636,1.154358,(5.63* 355.43* 354.18),-3.288147,111.2193,(346.73* 243.26* 359.86)
180,1,45.6902,(346.82* 243.02* 1.91),-1.82019,0.2443783,(5.62* 355.34* 354.22),-3.316986,111.1323,(346.73* 243.26* 359.86)
180,1,45.71952,(346.74* 241.76* 1.97),-1.84082,-0.9992371,(5.64* 355.20* 354.22),-3.32843,110.9925,(346.73* 243.26* 359.86)
180,1,45.74811,(346.62* 240.27* 2.11),-1.898651,-2.450073,(5.70* 355.05* 354.16),-3.295776,110.8448,(346.73* 243.26* 359.86)
180,1,45.77645,(346.53* 238.16* 2.29),-2.013702,-4.518158,(5.67* 355.07* 354.19),-3.313232,110.8622,(346.73* 243.26* 359.86)
180,1,45.80399,(346.42* 235.84* 2.42),-2.074371,-6.801056,(5.68* 354.97* 354.26),-3.378998,110.7502,(346.73* 243.26* 359.86)
180,1,45.83197,(346.29* 233.34* 2.76),-2.30954,-9.20993,(5.81* 354.77* 354.04),-3.238373,110.564,(346.73* 243.26* 359.86)
180,1,45.86003,(346.22* 230.59* 3.21),-2.662476,-11.8392,(5.89* 354.49* 353.88),-3.12558,110.2898,(346.73* 243.26* 359.86)
180,1,45.88741,(346.20* 227.74* 3.55),-2.948486,-14.59988,(5.89* 354.33* 354.06),-3.293365,110.1158,(346.73* 243.26* 359.86)
180,1,45.91586,(346.16* 224.61* 4.02),-3.334503,-17.60437,(5.91* 354.21* 354.12),-3.355408,109.9921,(346.73* 243.26* 359.86)
180,1,45.94384,(346.18* 221.27* 4.53),-3.7789,-20.81326,(5.96* 354.03* 354.07),-3.324524,109.8092,(346.73* 243.26* 359.86)
180,1,45.97142,(346.24* 217.74* 4.92),-4.151764,-24.23358,(6.07* 353.69* 353.93),-3.249237,109.4804,(346.73* 243.26* 359.86)
180,1,45.99936,(346.08* 213.97* 5.22),-4.326935,-27.91284,(6.22* 353.19* 353.46),-2.892792,109.0143,(346.73* 243.26* 359.86)
180,1,46.02736,(345.89* 210.09* 5.52),-4.490845,-31.70184,(6.32* 352.73* 353.20),-2.708984,108.5718,(346.73* 243.26* 359.86)
180,1,46.05509,(345.89* 206.65* 5.63),-4.588348,-35.11096,(6.76* 352.64* 353.60),-3.262177,108.4242,(346.73* 243.26* 359.86)
180,1,46.08303,(345.88* 203.46* 5.95),-4.858002,-38.20544,(7.07* 351.61* 353.31),-3.131744,107.4008,(346.73* 243.26* 359.86)
180,1,46.11013,(345.99* 200.65* 6.23),-5.153625,-40.94452,(7.46* 351.08* 353.55),-3.517273,106.8344,(346.73* 243.26* 359.86)
180,1,46.13835,(346.19* 198.28* 6.39),-5.383331,-43.293,(7.91* 350.57* 353.19),-3.391724,106.3338,(346.73* 243.26* 359.86)
180,1,46.16608,(346.39* 196.21* 6.54),-5.606598,-45.33139,(8.19* 349.98* 353.08),-3.41568,105.7446,(346.73* 243.26* 359.86)
180,1,46.19407,(346.64* 194.32* 6.66),-5.822662,-47.21201,(8.67* 349.40* 353.16),-3.697479,105.1295,(346.73* 243.26* 359.86)
180,1,46.22182,(347.08* 193.22* 6.72),-6.088654,-48.33472,(9.03* 348.93* 353.33),-4.000854,104.6119,(346.73* 243.26* 359.86)
180,1,46.25008,(347.39* 192.11* 6.89),-6.380707,-49.4299,(9.18* 348.43* 353.22),-3.968323,104.1197,(346.73* 243.26* 359.86)
180,1,46.27771,(347.68* 191.23* 7.04),-6.648499,-50.29831,(9.09* 348.08* 353.69),-4.342987,103.7159,(346.73* 243.26* 359.86)
180,1,46.30527,(348.05* 190.56* 7.07),-6.85257,-50.99362,(9.06* 347.57* 353.59),-4.247406,103.2213,(346.73* 243.26* 359.86)
180,1,46.33333,(348.38* 190.08* 7.07),-7.007202,-51.51126,(9.11* 347.20* 353.57),-4.249054,102.8502,(346.73* 243.26* 359.86)
180,1,46.36056,(348.58* 189.72* 7.11),-7.136597,-51.88144,(9.19* 346.92* 353.61),-4.321747,102.5578,(346.73* 243.26* 359.86)
180,1,46.38808,(348.74* 189.42* 7.06),-7.16803,-52.21317,(9.25* 346.78* 353.72),-4.443298,102.4009,(346.73* 243.26* 359.86)
180,1,46.41635,(348.79* 189.21* 6.95),-7.094513,-52.46445,(9.32* 346.53* 353.72),-4.47525,102.1472,(346.73* 243.26* 359.86)
180,1,46.44405,(348.94* 189.05* 6.88),-7.104431,-52.65359,(9.31* 346.30* 353.72),-4.471619,101.9169,(346.73* 243.26* 359.86)
180,1,46.47141,(349.16* 188.94* 6.81),-7.147797,-52.81122,(9.30* 346.23* 353.85),-4.578491,101.8332,(346.73* 243.26* 359.86)
180,1,46.49949,(349.28* 188.88* 6.70),-7.109009,-52.91061,(9.30* 346.21* 353.99),-4.709412,101.7887,(346.73* 243.26* 359.86)
180,1,46.52729,(349.40* 188.73* 6.65),-7.124512,-53.08105,(9.32* 346.14* 354.05),-4.769287,101.7096,(346.73* 243.26* 359.86)
180,1,46.55551,(349.64* 188.71* 6.53),-7.134338,-53.15909,(9.34* 346.10* 354.07),-4.797302,101.6665,(346.73* 243.26* 359.86)
180,1,46.58409,(350.00* 188.90* 6.37),-7.167877,-53.04584,(9.35* 346.07* 354.06),-4.790924,101.6404,(346.73* 243.26* 359.86)
180,2,48.22231,(345.19* 244.24* 2.17),-1.295624,1.563403,(7.58* 356.69* 353.25),-3.302612,112.4605,(346.73* 243.26* 359.86)
180,2,48.24947,(345.20* 243.52* 2.23),-1.354401,0.8618187,(7.59* 356.62* 353.33),-3.378357,112.3814,(346.73* 243.26* 359.86)
180,2,48.27763,(345.21* 242.47* 2.35),-1.458679,-0.1564026,(7.62* 356.52* 353.42),-3.4729,112.2769,(346.73* 243.26* 359.86)
180,2,48.30664,(345.28* 240.99* 2.51),-1.633209,-1.595367,(7.61* 356.40* 353.51),-3.544922,112.1466,(346.73* 243.26* 359.86)
180,2,48.33268,(345.38* 238.91* 2.61),-1.765381,-3.651947,(7.59* 356.24* 353.53),-3.559998,111.9887,(346.73* 243.26* 359.86)
180,2,48.36028,(345.41* 236.14* 2.95),-2.066956,-6.327789,(7.59* 356.11* 353.57),-3.587891,111.8474,(346.73* 243.26* 359.86)
180,2,48.3879,(345.16* 232.35* 2.95),-1.952881,-10.11664,(7.64* 356.02* 353.66),-3.68808,111.7515,(346.73* 243.26* 359.86)
180,2,48.41641,(345.27* 228.69* 3.11),-2.144775,-13.72903,(7.70* 355.93* 353.66),-3.720032,111.6506,(346.73* 243.26* 359.86)
180,2,48.45876,(345.47* 223.04* 3.68),-2.71933,-19.23904,(7.77* 355.62* 353.86),-3.926239,111.3185,(346.73* 243.26* 359.86)
180,2,48.48565,(345.58* 219.48* 4.28),-3.28833,-22.63864,(7.77* 355.54* 353.95),-4.005371,111.2328,(346.73* 243.26* 359.86)
180,2,48.51322,(345.72* 216.17* 4.71),-3.716949,-25.83667,(8.01* 355.25* 353.62),-3.813934,110.9592,(346.73* 243.26* 359.86)
180,2,48.54148,(346.04* 213.38* 5.07),-4.177887,-28.54965,(8.09* 354.93* 353.57),-3.811279,110.6458,(346.73* 243.26* 359.86)
180,2,48.56872,(346.40* 210.80* 5.35),-4.584808,-31.07394,(8.21* 354.72* 353.58),-3.868347,110.4244,(346.73* 243.26* 359.86)
180,2,48.59698,(346.73* 208.47* 5.63),-4.989868,-33.34784,(8.33* 354.16* 353.57),-3.911346,109.8609,(346.73* 243.26* 359.86)
180,2,48.62522,(347.04* 206.41* 5.84),-5.311798,-35.38348,(8.40* 353.76* 353.50),-3.882172,109.4567,(346.73* 243.26* 359.86)
180,2,48.6519,(347.35* 204.61* 5.98),-5.582642,-37.16541,(8.50* 353.27* 353.41),-3.843292,108.9765,(346.73* 243.26* 359.86)
180,2,48.68,(347.68* 202.87* 6.20),-5.919495,-38.88474,(8.50* 352.87* 353.74),-4.138672,108.5363,(346.73* 243.26* 359.86)
180,2,48.70798,(348.08* 201.48* 6.20),-6.114655,-40.30664,(8.72* 352.33* 353.52),-4.033997,108.0075,(346.73* 243.26* 359.86)
180,2,48.7362,(348.43* 200.23* 6.35),-6.405945,-41.55377,(8.86* 351.85* 353.47),-4.057312,107.5261,(346.73* 243.26* 359.86)
180,2,48.76331,(348.77* 199.11* 6.48),-6.68396,-42.67038,(8.89* 351.44* 353.56),-4.144562,107.0979,(346.73* 243.26* 359.86)
180,2,48.79122,(349.00* 198.01* 6.63),-6.919617,-43.76065,(8.89* 351.01* 353.71),-4.283325,106.6527,(346.73* 243.26* 359.86)
180,2,48.81951,(349.27* 197.08* 6.68),-7.090912,-44.71353,(8.99* 350.53* 353.63),-4.246735,106.1736,(346.73* 243.26* 359.86)
180,2,48.84706,(349.61* 196.15* 6.76),-7.319977,-45.65836,(9.02* 350.11* 353.73),-4.352875,105.7464,(346.73* 243.26* 359.86)
180,2,48.87465,(349.86* 195.30* 6.92),-7.575592,-46.49573,(9.10* 349.69* 353.57),-4.246521,105.3365,(346.73* 243.26* 359.86)
180,2,48.90237,(349.99* 194.43* 7.04),-7.745514,-47.35678,(9.16* 349.32* 353.56),-4.258728,104.9614,(346.73* 243.26* 359.86)
180,2,48.92987,(350.22* 193.61* 7.00),-7.815857,-48.2081,(9.14* 348.94* 353.63),-4.319519,104.573,(346.73* 243.26* 359.86)
180,3,49.94471,(345.67* 246.61* 359.25),1.000985,3.198815,(8.20* 355.85* 355.16),-5.272766,111.3872,(346.73* 243.26* 359.86)
180,3,49.97694,(345.73* 246.29* 359.36),0.8789301,2.901529,(8.18* 355.78* 355.04),-5.1604,111.3225,(346.73* 243.26* 359.86)
180,3,49.99972,(345.80* 245.63* 359.56),0.6717968,2.296592,(8.16* 355.71* 354.99),-5.10437,111.2641,(346.73* 243.26* 359.86)
180,3,50.0271,(345.88* 244.64* 359.70),0.5186364,1.336517,(8.15* 355.61* 354.92),-5.041046,111.1744,(346.73* 243.26* 359.86)
180,3,50.05843,(346.01* 243.42* 359.91),0.2830127,0.1642306,(8.15* 355.47* 354.88),-5.00589,111.0338,(346.73* 243.26* 359.86)
180,3,50.08505,(346.19* 241.57* 0.22),-0.0741272,-1.606537,(8.09* 355.29* 354.78),-4.881744,110.8746,(346.73* 243.26* 359.86)
180,3,50.11206,(346.45* 239.46* 0.64),-0.551239,-3.616486,(8.04* 355.15* 354.71),-4.799133,110.7438,(346.73* 243.26* 359.86)
180,3,50.13993,(346.57* 236.41* 1.17),-1.067383,-6.541687,(8.03* 354.97* 354.61),-4.713318,110.5683,(346.73* 243.26* 359.86)
180,3,50.1671,(346.46* 232.67* 1.37),-1.184021,-10.233,(7.98* 354.74* 354.58),-4.66684,110.3475,(346.73* 243.26* 359.86)
180,3,50.19453,(346.34* 228.43* 1.64),-1.364319,-14.40353,(7.98* 354.54* 354.59),-4.676514,110.1507,(346.73* 243.26* 359.86)
180,3,50.2222,(346.44* 223.91* 2.02),-1.741669,-18.83411,(7.98* 354.18* 354.54),-4.627869,109.7984,(346.73* 243.26* 359.86)
180,3,50.24955,(346.79* 219.74* 2.22),-2.075378,-22.95685,(7.99* 353.93* 354.36),-4.471405,109.5591,(346.73* 243.26* 359.86)
180,3,50.27756,(347.07* 215.62* 2.73),-2.640686,-26.9631,(7.93* 353.65* 354.48),-4.554352,109.2747,(346.73* 243.26* 359.86)
180,3,50.30537,(347.15* 211.72* 3.16),-3.049652,-30.7699,(8.04* 353.17* 354.18),-4.331635,108.8153,(346.73* 243.26* 359.86)
180,3,50.33331,(347.20* 208.21* 3.42),-3.304901,-34.20987,(8.15* 352.76* 353.90),-4.131134,108.427,(346.73* 243.26* 359.86)
180,3,50.36088,(347.25* 204.95* 3.86),-3.703979,-37.3649,(8.70* 352.88* 354.32),-4.739777,108.4618,(346.73* 243.26* 359.86)
180,3,50.3882,(347.37* 202.21* 4.22),-4.075562,-40.02097,(8.40* 351.75* 353.67),-4.028931,107.4361,(346.73* 243.26* 359.86)
180,3,50.41646,(347.44* 199.57* 4.64),-4.46991,-42.55734,(8.34* 351.22* 353.77),-4.099243,106.8956,(346.73* 243.26* 359.86)
180,3,50.44408,(347.62* 197.53* 4.82),-4.703186,-44.56628,(8.61* 350.60* 353.46),-3.941864,106.291,(346.73* 243.26* 359.86)
180,3,50.4716,(347.81* 195.85* 5.16),-5.092773,-46.18106,(8.82* 350.00* 353.34),-3.920135,105.6982,(346.73* 243.26* 359.86)
180,3,50.49985,(348.05* 194.40* 5.46),-5.464783,-47.56754,(8.99* 349.39* 353.21),-3.877441,105.0945,(346.73* 243.26* 359.86)
180,3,50.52764,(348.32* 193.26* 5.57),-5.6828,-48.70709,(9.10* 349.01* 353.28),-3.983429,104.6929,(346.73* 243.26* 359.86)
180,3,50.55538,(348.58* 192.32* 5.73),-5.941742,-49.63126,(9.28* 348.43* 353.16),-3.958466,104.1229,(346.73* 243.26* 359.86)
180,3,50.583,(348.84* 191.54* 5.81),-6.137421,-50.41568,(9.41* 347.85* 353.13),-3.989807,103.5323,(346.73* 243.26* 359.86)
180,3,50.61077,(349.13* 190.87* 5.82),-6.283234,-51.11633,(9.55* 347.44* 353.12),-4.045044,103.1136,(346.73* 243.26* 359.86)
180,3,50.6384,(349.54* 190.32* 5.85),-6.496094,-51.70093,(9.64* 347.05* 353.00),-3.970306,102.7344,(346.73* 243.26* 359.86)
315,1,56.97276,(345.04* 244.15* 0.95),-0.1810608,1.159135,(7.78* 355.09* 355.27),-5.191986,110.6507,(346.73* 243.26* 359.86)
315,1,57.00047,(345.01* 244.16* 0.97),-0.1856689,1.17143,(7.82* 355.05* 355.16),-5.108459,110.6172,(346.73* 243.26* 359.86)
315,1,57.04099,(345.01* 244.15* 0.97),-0.1869812,1.166635,(7.87* 355.01* 354.95),-4.949219,110.5856,(346.73* 243.26* 359.86)
315,1,57.06865,(345.04* 244.08* 1.02),-0.2389526,1.110361,(7.87* 355.01* 354.94),-4.93576,110.5938,(346.73* 243.26* 359.86)
315,1,57.09645,(345.08* 244.06* 1.02),-0.259552,1.083238,(7.90* 355.00* 354.83),-4.850983,110.5911,(346.73* 243.26* 359.86)
315,1,57.12397,(345.09* 244.06* 1.01),-0.2532349,1.085159,(7.89* 355.02* 354.81),-4.831299,110.6154,(346.73* 243.26* 359.86)
315,1,57.15151,(345.08* 244.08* 1.00),-0.2380371,1.104245,(7.90* 355.03* 354.79),-4.81311,110.6255,(346.73* 243.26* 359.86)
315,1,57.17968,(345.05* 244.09* 1.00),-0.2293396,1.114255,(7.91* 355.04* 354.79),-4.820343,110.6374,(346.73* 243.26* 359.86)
315,1,57.20731,(345.00* 244.16* 0.94),-0.1538391,1.163074,(7.91* 355.05* 354.75),-4.78418,110.649,(346.73* 243.26* 359.86)
315,1,57.23539,(345.01* 244.19* 0.93),-0.1489563,1.191425,(7.92* 355.06* 354.77),-4.805664,110.6525,(346.73* 243.26* 359.86)
315,1,57.2631,(345.06* 244.23* 0.92),-0.1625366,1.225509,(7.91* 355.07* 354.75),-4.781677,110.6714,(346.73* 243.26* 359.86)
315,1,57.29796,(345.25* 244.31* 0.85),-0.1937256,1.292068,(7.92* 355.09* 354.71),-4.749115,110.6894,(346.73* 243.26* 359.86)
315,1,57.31908,(345.45* 244.36* 0.83),-0.2628174,1.336617,(7.91* 355.10* 354.69),-4.733765,110.7043,(346.73* 243.26* 359.86)
315,1,57.34633,(345.81* 244.49* 0.77),-0.3710022,1.449277,(7.91* 355.10* 354.67),-4.709229,110.707,(346.73* 243.26* 359.86)
315,1,57.37416,(346.27* 244.62* 0.68),-0.5083313,1.552612,(7.92* 355.13* 354.61),-4.665222,110.739,(346.73* 243.26* 359.86)
315,1,57.40187,(346.86* 244.77* 0.63),-0.7247925,1.685203,(7.94* 355.16* 354.57),-4.637573,110.7772,(346.73* 243.26* 359.86)
315,1,57.42974,(347.49* 244.93* 0.56),-0.9558411,1.819872,(7.95* 355.19* 354.52),-4.596283,110.8101,(346.73* 243.26* 359.86)
315,1,57.45751,(348.16* 245.14* 0.51),-1.2099,2.009551,(7.96* 355.23* 354.46),-4.546722,110.8571,(346.73* 243.26* 359.86)
315,1,57.48535,(348.80* 245.47* 0.45),-1.450989,2.315506,(7.96* 355.26* 354.44),-4.52652,110.8899,(346.73* 243.26* 359.86)
315,1,57.51292,(349.36* 245.86* 0.35),-1.614105,2.667623,(7.96* 355.33* 354.41),-4.505859,110.9576,(346.73* 243.26* 359.86)
315,1,57.54144,(350.05* 246.29* 0.26),-1.845673,3.06952,(7.95* 355.38* 354.40),-4.482971,111.0134,(346.73* 243.26* 359.86)
315,1,57.5687,(350.68* 246.85* 0.12),-2.006378,3.57781,(7.95* 355.42* 354.39),-4.477875,111.0566,(346.73* 243.26* 359.86)
315,1,57.59682,(351.37* 247.54* 0.01),-2.224854,4.224753,(7.93* 355.51* 354.37),-4.451813,111.1435,(346.73* 243.26* 359.86)
315,1,57.62459,(352.13* 248.22* 359.94),-2.496857,4.871531,(7.93* 355.60* 354.36),-4.443146,111.2395,(346.73* 243.26* 359.86)
315,1,57.65166,(352.90* 249.01* 359.80),-2.718658,5.60501,(7.92* 355.69* 354.37),-4.448395,111.3208,(346.73* 243.26* 359.86)
315,1,57.67945,(353.66* 249.80* 359.73),-3.001892,6.352385,(7.92* 355.76* 354.36),-4.445099,111.397,(346.73* 243.26* 359.86)
315,1,57.70781,(354.44* 250.59* 359.61),-3.238037,7.088817,(7.92* 355.87* 354.37),-4.451263,111.501,(346.73* 243.26* 359.86)
315,1,57.73537,(355.26* 251.38* 359.42),-3.436401,7.815648,(7.92* 355.95* 354.36),-4.43988,111.5823,(346.73* 243.26* 359.86)
315,1,57.76321,(356.18* 252.28* 359.33),-3.765076,8.651022,(7.91* 356.02* 354.36),-4.43222,111.6573,(346.73* 243.26* 359.86)
315,1,57.79091,(357.02* 253.17* 359.23),-4.046478,9.483323,(7.90* 356.16* 354.38),-4.450653,111.7913,(346.73* 243.26* 359.86)
315,1,57.81903,(357.92* 254.30* 359.02),-4.254059,10.53795,(7.91* 356.29* 354.42),-4.485931,111.9194,(346.73* 243.26* 359.86)
315,1,57.84673,(358.73* 255.43* 358.73),-4.357727,11.60157,(7.90* 356.41* 354.41),-4.477173,112.0409,(346.73* 243.26* 359.86)
315,1,57.87441,(359.70* 256.64* 358.55),-4.619873,12.72726,(7.88* 356.56* 354.40),-4.457886,112.1946,(346.73* 243.26* 359.86)
315,1,57.90211,(0.68* 258.06* 358.41),-4.925293,14.06752,(7.89* 356.72* 354.43),-4.486847,112.3556,(346.73* 243.26* 359.86)
315,1,57.93012,(1.71* 259.43* 358.28),-5.261078,15.35343,(7.84* 356.89* 354.39),-4.433472,112.5314,(346.73* 243.26* 359.86)
315,1,57.9581,(2.76* 260.82* 358.21),-5.656372,16.66072,(7.84* 356.97* 354.37),-4.415039,112.6146,(346.73* 243.26* 359.86)
315,1,57.98551,(3.88* 262.12* 358.11),-6.047729,17.85341,(7.86* 357.12* 354.46),-4.502319,112.75,(346.73* 243.26* 359.86)
315,1,58.01321,(4.94* 263.34* 357.98),-6.394592,18.9781,(7.86* 357.38* 354.58),-4.607239,113.0022,(346.73* 243.26* 359.86)
315,1,58.0411,(6.10* 264.57* 357.93),-6.851746,20.08713,(7.87* 357.58* 354.59),-4.623413,113.1965,(346.73* 243.26* 359.86)
315,1,58.06889,(7.36* 265.75* 357.88),-7.353088,21.12518,(7.90* 357.79* 354.64),-4.685944,113.3938,(346.73* 243.26* 359.86)
315,1,58.09673,(8.66* 266.99* 357.84),-7.86676,22.2102,(8.10* 357.89* 354.65),-4.776886,113.4837,(346.73* 243.26* 359.86)
315,1,58.12462,(10.05* 268.24* 357.90),-8.514923,23.27357,(8.02* 358.26* 354.76),-4.840942,113.8435,(346.73* 243.26* 359.86)
315,1,58.15229,(11.40* 269.47* 358.00),-9.168945,24.306,(8.05* 358.52* 354.79),-4.879547,114.0987,(346.73* 243.26* 359.86)
315,1,58.18023,(12.96* 270.62* 358.16),-9.961273,25.1889,(8.15* 358.70* 354.81),-4.93866,114.2774,(346.73* 243.26* 359.86)
315,1,58.20782,(14.47* 271.78* 358.33),-10.74057,26.07133,(8.23* 358.94* 354.85),-5.013794,114.4996,(346.73* 243.26* 359.86)
315,1,58.23605,(15.85* 272.90* 358.49),-11.44507,26.91966,(8.31* 359.11* 354.89),-5.078644,114.6653,(346.73* 243.26* 359.86)
315,2,60.23635,(346.62* 245.10* 1.30),-1.197815,2.179312,(6.41* 356.22* 355.52),-4.825562,111.8669,(346.73* 243.26* 359.86)
315,2,60.26664,(346.65* 245.16* 1.31),-1.22348,2.243156,(6.38* 356.20* 355.53),-4.81955,111.8436,(346.73* 243.26* 359.86)
315,2,60.3056,(346.89* 245.37* 1.32),-1.344971,2.449769,(6.37* 356.21* 355.55),-4.836853,111.8554,(346.73* 243.26* 359.86)
315,2,60.33276,(347.15* 245.64* 1.26),-1.406281,2.69781,(6.37* 356.28* 355.57),-4.852783,111.9266,(346.73* 243.26* 359.86)
315,2,60.36065,(347.58* 246.08* 1.20),-1.55191,3.113895,(6.36* 356.33* 355.58),-4.858795,111.9671,(346.73* 243.26* 359.86)
315,2,60.39317,(348.26* 246.66* 1.13),-1.803589,3.658863,(6.35* 356.41* 355.62),-4.887634,112.0533,(346.73* 243.26* 359.86)
315,2,60.41689,(349.09* 247.42* 1.00),-2.064972,4.374964,(6.33* 356.49* 355.61),-4.870331,112.1349,(346.73* 243.26* 359.86)
315,2,60.44416,(350.10* 248.38* 0.88),-2.4133,5.267,(6.30* 356.59* 355.62),-4.863586,112.231,(346.73* 243.26* 359.86)
315,2,60.47143,(351.25* 249.56* 0.68),-2.760681,6.369046,(6.31* 356.73* 355.72),-4.963043,112.3642,(346.73* 243.26* 359.86)
315,2,60.49947,(352.39* 250.89* 0.59),-3.187714,7.632137,(6.31* 356.93* 355.79),-5.016724,112.5612,(346.73* 243.26* 359.86)
315,2,60.52721,(353.63* 252.39* 0.36),-3.543945,9.027141,(6.32* 357.11* 355.83),-5.058929,112.7362,(346.73* 243.26* 359.86)
315,2,60.55508,(354.97* 253.91* 0.21),-4.011505,10.45173,(6.32* 357.32* 355.91),-5.134918,112.9386,(346.73* 243.26* 359.86)
315,2,60.58309,(356.31* 255.41* 0.01),-4.428711,11.84588,(6.31* 357.58* 356.00),-5.209991,113.2005,(346.73* 243.26* 359.86)
315,2,60.61079,(357.67* 256.87* 359.67),-4.733826,13.17304,(6.32* 357.82* 356.13),-5.334564,113.4234,(346.73* 243.26* 359.86)
315,2,60.63885,(359.25* 258.24* 359.34),-5.132538,14.40001,(6.33* 358.10* 356.26),-5.452362,113.6983,(346.73* 243.26* 359.86)
315,2,60.66614,(0.98* 259.41* 358.92),-5.516052,15.41419,(6.33* 358.42* 356.25),-5.443024,114.0123,(346.73* 243.26* 359.86)
315,2,60.69381,(2.79* 260.32* 358.43),-5.86676,16.15623,(6.31* 358.66* 356.25),-5.433746,114.2633,(346.73* 243.26* 359.86)
315,2,60.72184,(4.54* 261.37* 357.92),-6.165588,17.0503,(6.30* 358.92* 356.18),-5.366669,114.5214,(346.73* 243.26* 359.86)
315,2,60.74949,(6.38* 262.52* 357.53),-6.614471,18.02839,(6.34* 359.17* 356.23),-5.430115,114.7709,(346.73* 243.26* 359.86)
315,2,60.77726,(8.09* 263.78* 357.26),-7.105347,19.12072,(6.36* 359.50* 356.31),-5.507324,115.0946,(346.73* 243.26* 359.86)
315,2,60.80525,(9.61* 265.25* 357.20),-7.698578,20.42373,(6.35* 359.77* 356.33),-5.525055,115.3608,(346.73* 243.26* 359.86)
315,2,60.83485,(11.03* 266.82* 357.24),-8.334564,21.80467,(6.39* 0.03* 356.31),-5.52655,115.6195,(346.73* 243.26* 359.86)
315,2,60.86073,(12.11* 268.59* 357.44),-8.972046,23.39318,(6.52* 0.15* 356.34),-5.605438,115.7279,(346.73* 243.26* 359.86)
315,2,60.88795,(13.09* 270.30* 357.72),-9.625336,24.91825,(6.39* 0.71* 356.43),-5.63092,116.2867,(346.73* 243.26* 359.86)
315,2,60.91623,(13.88* 272.02* 358.00),-10.20383,26.46562,(6.48* 0.97* 356.49),-5.724548,116.5379,(346.73* 243.26* 359.86)
315,2,60.94401,(14.54* 273.73* 358.33),-10.76251,28.01433,(6.52* 1.23* 356.57),-5.812042,116.7908,(346.73* 243.26* 359.86)
315,2,60.97162,(15.06* 275.32* 358.68),-11.2886,29.44359,(6.58* 1.49* 356.68),-5.938354,117.0298,(346.73* 243.26* 359.86)
315,3,63.39793,(348.36* 246.93* 1.83),-2.453522,4.081349,(5.57* 357.86* 356.11),-4.990936,113.5289,(346.73* 243.26* 359.86)
315,3,63.42682,(348.66* 247.28* 1.70),-2.477448,4.395252,(5.56* 357.94* 356.15),-5.022766,113.6063,(346.73* 243.26* 359.86)
315,3,63.46022,(349.10* 247.93* 1.53),-2.525879,4.991646,(5.61* 358.16* 356.42),-5.281677,113.8085,(346.73* 243.26* 359.86)
315,3,63.48343,(349.75* 248.73* 1.29),-2.614563,5.716562,(5.64* 358.29* 356.50),-5.3638,113.9319,(346.73* 243.26* 359.86)
315,3,63.51134,(350.79* 249.79* 1.01),-2.838959,6.676343,(5.66* 358.40* 356.51),-5.384674,114.0421,(346.73* 243.26* 359.86)
315,3,63.54016,(352.15* 251.12* 0.62),-3.110596,7.877293,(5.68* 358.57* 356.49),-5.37796,114.2114,(346.73* 243.26* 359.86)
315,3,63.56816,(353.96* 252.61* 0.23),-3.579376,9.218047,(5.69* 358.72* 356.44),-5.335236,114.3605,(346.73* 243.26* 359.86)
315,3,63.59622,(356.31* 254.30* 359.67),-4.128235,10.69701,(5.71* 358.93* 356.44),-5.350952,114.5666,(346.73* 243.26* 359.86)
315,3,63.62403,(358.87* 256.10* 359.22),-4.852539,12.28788,(5.73* 359.19* 356.48),-5.388,114.82,(346.73* 243.26* 359.86)
315,3,63.65184,(1.26* 258.05* 358.92),-5.632935,14.02695,(5.73* 359.41* 356.42),-5.338867,115.0505,(346.73* 243.26* 359.86)
315,3,63.6799,(3.32* 260.03* 358.63),-6.27771,15.80756,(5.73* 359.66* 356.35),-5.273468,115.2959,(346.73* 243.26* 359.86)
315,3,63.70805,(5.32* 262.12* 358.36),-6.901245,17.70374,(5.69* 0.01* 356.35),-5.253235,115.6549,(346.73* 243.26* 359.86)
315,3,63.73547,(7.14* 264.12* 358.21),-7.551239,19.49486,(5.71* 0.33* 356.48),-5.378693,115.9699,(346.73* 243.26* 359.86)
315,3,63.76331,(8.62* 266.10* 358.09),-8.077057,21.30928,(5.79* 0.70* 356.67),-5.588043,116.3124,(346.73* 243.26* 359.86)
315,3,63.79078,(10.01* 268.04* 358.04),-8.622192,23.05987,(5.86* 1.12* 356.65),-5.596436,116.7305,(346.73* 243.26* 359.86)
315,3,63.81884,(11.47* 269.86* 358.03),-9.227783,24.68251,(6.00* 1.42* 356.74),-5.744232,117.0121,(346.73* 243.26* 359.86)
315,3,63.84665,(12.84* 271.52* 358.13),-9.891327,26.10876,(5.94* 2.03* 356.77),-5.739044,117.6303,(346.73* 243.26* 359.86)
315,3,63.87453,(14.28* 272.98* 358.22),-10.56241,27.32346,(6.06* 2.34* 356.74),-5.766327,117.9285,(346.73* 243.26* 359.86)
315,3,63.90257,(15.54* 274.21* 358.31),-11.16434,28.31926,(6.16* 2.69* 356.88),-5.930603,118.2655,(346.73* 243.26* 359.86)
135,1,69.37453,(346.31* 245.65* 1.84),-1.525452,2.864887,(5.04* 358.14* 355.60),-4.298035,113.8797,(346.73* 243.26* 359.86)
135,1,69.40237,(346.31* 245.73* 1.76),-1.456726,2.927747,(5.04* 358.14* 355.57),-4.275818,113.8766,(346.73* 243.26* 359.86)
135,1,69.43216,(346.29* 245.72* 1.75),-1.444153,2.921564,(5.04* 358.13* 355.59),-4.297455,113.868,(346.73* 243.26* 359.86)
135,1,69.45964,(346.25* 245.71* 1.78),-1.444458,2.91586,(5.05* 358.12* 355.56),-4.269348,113.8623,(346.73* 243.26* 359.86)
135,1,69.48483,(346.27* 245.68* 1.79),-1.464294,2.887288,(5.05* 358.13* 355.56),-4.26828,113.8636,(346.73* 243.26* 359.86)
135,1,69.51245,(346.31* 245.64* 1.82),-1.509735,2.857698,(5.05* 358.14* 355.57),-4.27597,113.8764,(346.73* 243.26* 359.86)
135,1,69.5406,(346.34* 245.66* 1.81),-1.518982,2.869613,(5.04* 358.22* 355.63),-4.330597,113.9502,(346.73* 243.26* 359.86)
135,1,69.56857,(346.37* 245.69* 1.79),-1.508087,2.893877,(5.08* 358.24* 355.54),-4.265167,113.9718,(346.73* 243.26* 359.86)
135,1,69.59666,(346.34* 245.78* 1.79),-1.497437,2.981431,(5.06* 358.25* 355.56),-4.274109,113.9917,(346.73* 243.26* 359.86)
135,1,69.62438,(346.32* 245.77* 1.78),-1.475555,2.970317,(5.08* 358.23* 355.48),-4.209259,113.9715,(346.73* 243.26* 359.86)
135,1,69.65201,(346.27* 245.75* 1.75),-1.432861,2.94942,(5.07* 358.22* 355.44),-4.172516,113.9636,(346.73* 243.26* 359.86)
135,1,69.68001,(346.21* 245.70* 1.76),-1.417877,2.900815,(5.05* 358.20* 355.42),-4.142517,113.9448,(346.73* 243.26* 359.86)
135,1,69.70776,(346.12* 245.60* 1.78),-1.386475,2.812223,(5.06* 358.16* 355.35),-4.085815,113.9092,(346.73* 243.26* 359.86)
135,1,69.73553,(345.99* 245.45* 1.82),-1.364349,2.671829,(5.05* 358.14* 355.30),-4.037903,113.8934,(346.73* 243.26* 359.86)
135,1,69.76305,(345.79* 245.28* 1.84),-1.287872,2.508096,(5.05* 358.13* 355.26),-4.001251,113.8887,(346.73* 243.26* 359.86)
135,1,69.79077,(345.60* 245.10* 1.79),-1.160645,2.321793,(5.08* 358.14* 355.29),-4.041595,113.8875,(346.73* 243.26* 359.86)
135,1,69.819,(345.33* 244.89* 1.81),-1.049164,2.122348,(5.07* 358.07* 355.14),-3.898743,113.8265,(346.73* 243.26* 359.86)
135,1,69.84678,(344.99* 244.72* 1.78),-0.8747559,1.949283,(5.05* 357.98* 354.95),-3.725311,113.7535,(346.73* 243.26* 359.86)
135,1,69.8747,(344.63* 244.52* 1.85),-0.7611694,1.770328,(4.98* 357.93* 354.97),-3.707275,113.7021,(346.73* 243.26* 359.86)
135,1,69.90251,(344.23* 244.28* 1.87),-0.605072,1.543165,(4.89* 357.93* 355.13),-3.814056,113.7042,(346.73* 243.26* 359.86)
135,1,69.92965,(343.76* 243.99* 1.93),-0.4366455,1.266437,(4.86* 357.84* 355.08),-3.756653,113.6184,(346.73* 243.26* 359.86)
135,1,69.95777,(343.30* 243.63* 2.00),-0.2827454,0.9314097,(4.85* 357.76* 355.01),-3.691803,113.5413,(346.73* 243.26* 359.86)
135,1,69.98569,(342.70* 243.10* 2.12),-0.1081543,0.4386362,(4.81* 357.68* 354.96),-3.628998,113.4635,(346.73* 243.26* 359.86)
135,1,70.01282,(342.11* 242.48* 2.25),0.04910701,-0.1376953,(4.91* 357.50* 354.58),-3.327576,113.3055,(346.73* 243.26* 359.86)
135,1,70.04115,(341.48* 241.79* 2.37),0.2345811,-0.7880554,(4.89* 357.40* 354.47),-3.221863,113.2154,(346.73* 243.26* 359.86)
135,1,70.0691,(340.83* 241.01* 2.49),0.4365927,-1.542725,(4.81* 357.26* 354.39),-3.11972,113.0802,(346.73* 243.26* 359.86)
135,1,70.09694,(340.16* 240.04* 2.70),0.5659562,-2.442139,(4.76* 357.16* 354.38),-3.083069,112.9832,(346.73* 243.26* 359.86)
135,1,70.12459,(339.39* 238.89* 2.93),0.7357038,-3.523651,(4.71* 357.06* 354.38),-3.062073,112.8868,(346.73* 243.26* 359.86)
135,1,70.15206,(338.55* 237.60* 3.01),1.054152,-4.792694,(4.70* 356.94* 354.31),-3.001129,112.7648,(346.73* 243.26* 359.86)
135,1,70.18006,(337.54* 236.18* 3.08),1.469144,-6.21051,(4.62* 356.83* 354.36),-3.001648,112.6574,(346.73* 243.26* 359.86)
135,1,70.20763,(336.69* 234.74* 3.33),1.654853,-7.580566,(4.55* 356.67* 354.38),-2.99585,112.4978,(346.73* 243.26* 359.86)
135,1,70.23558,(335.73* 233.35* 3.60),1.88847,-8.892914,(4.50* 356.44* 354.21),-2.818115,112.2838,(346.73* 243.26* 359.86)
135,1,70.2632,(334.60* 231.98* 3.92),2.156719,-10.16061,(4.63* 356.13* 353.76),-2.472809,111.9915,(346.73* 243.26* 359.86)
135,1,70.2912,(333.58* 230.73* 4.23),2.388973,-11.3208,(4.58* 355.86* 353.73),-2.419342,111.7255,(346.73* 243.26* 359.86)
135,1,70.3193,(332.54* 229.50* 4.66),2.540946,-12.40585,(4.53* 355.64* 353.72),-2.395935,111.5087,(346.73* 243.26* 359.86)
135,1,70.34698,(331.62* 228.28* 5.17),2.576836,-13.42432,(4.52* 355.50* 353.65),-2.330139,111.374,(346.73* 243.26* 359.86)
135,1,70.37492,(330.54* 227.07* 5.83),2.584799,-14.37964,(4.50* 355.30* 353.61),-2.28363,111.1775,(346.73* 243.26* 359.86)
135,1,70.40226,(329.54* 225.75* 6.43),2.607404,-15.45279,(4.46* 355.08* 353.67),-2.31958,110.9612,(346.73* 243.26* 359.86)
135,1,70.42989,(328.62* 224.47* 7.17),2.492876,-16.39346,(4.44* 354.93* 353.64),-2.278717,110.8081,(346.73* 243.26* 359.86)
135,1,70.45802,(327.78* 223.07* 7.98),2.309642,-17.42026,(4.44* 354.78* 353.62),-2.266357,110.6571,(346.73* 243.26* 359.86)
135,1,70.48542,(326.92* 221.58* 8.90),2.063721,-18.45593,(4.49* 354.53* 353.31),-2.009155,110.4271,(346.73* 243.26* 359.86)
135,1,70.51295,(326.11* 220.01* 9.80),1.822169,-19.56577,(4.50* 354.27* 353.22),-1.929688,110.1715,(346.73* 243.26* 359.86)
135,1,70.54148,(325.41* 218.40* 10.81),1.456638,-20.62875,(4.47* 354.08* 353.19),-1.892273,109.9847,(346.73* 243.26* 359.86)
135,1,70.56883,(324.74* 216.72* 11.83),1.088956,-21.74759,(4.43* 353.87* 353.15),-1.837738,109.7823,(346.73* 243.26* 359.86)
135,1,70.5965,(323.97* 215.16* 12.80),0.8229013,-22.76196,(4.40* 353.67* 353.08),-1.764801,109.5867,(346.73* 243.26* 359.86)
135,1,70.62425,(323.30* 213.61* 13.82),0.4930522,-23.71893,(4.49* 353.38* 352.83),-1.579681,109.3146,(346.73* 243.26* 359.86)
135,1,70.65197,(322.73* 212.07* 14.85),0.1137419,-24.64572,(4.46* 353.15* 352.88),-1.611664,109.0778,(346.73* 243.26* 359.86)
135,1,70.67989,(322.05* 210.56* 15.86),-0.1776733,-25.5358,(4.40* 352.92* 352.85),-1.551056,108.8526,(346.73* 243.26* 359.86)
135,1,70.70751,(321.54* 209.23* 16.75),-0.469635,-26.31122,(4.47* 352.80* 353.05),-1.765533,108.7116,(346.73* 243.26* 359.86)
135,2,72.83237,(346.53* 245.28* 2.10),-1.856232,2.562782,(5.80* 356.37* 355.28),-4.343933,112.0761,(346.73* 243.26* 359.86)
135,2,72.8604,(346.43* 245.25* 2.07),-1.779572,2.526608,(5.81* 356.39* 355.35),-4.407959,112.0936,(346.73* 243.26* 359.86)
135,2,72.88783,(346.27* 245.18* 2.07),-1.711548,2.460508,(5.78* 356.37* 355.20),-4.262268,112.0778,(346.73* 243.26* 359.86)
135,2,72.91601,(346.09* 245.02* 2.04),-1.600555,2.299167,(5.75* 356.33* 355.06),-4.123962,112.0512,(346.73* 243.26* 359.86)
135,2,72.94583,(345.85* 244.77* 2.08),-1.520447,2.060525,(5.72* 356.26* 354.98),-4.036377,111.9937,(346.73* 243.26* 359.86)
135,2,72.97099,(345.60* 244.43* 2.09),-1.415192,1.723628,(5.72* 356.25* 354.91),-3.97464,111.9902,(346.73* 243.26* 359.86)
135,2,72.99908,(345.20* 243.97* 2.11),-1.248779,1.283445,(5.71* 356.24* 354.83),-3.905518,111.9779,(346.73* 243.26* 359.86)
135,2,73.02705,(344.81* 243.44* 2.13),-1.093475,0.7629962,(5.62* 356.28* 355.05),-4.064636,112.0063,(346.73* 243.26* 359.86)
135,2,73.05472,(344.26* 242.62* 2.22),-0.9151611,-0.02233887,(5.62* 356.28* 355.07),-4.078369,112.0075,(346.73* 243.26* 359.86)
135,2,73.0827,(343.57* 241.71* 2.23),-0.6106262,-0.9172668,(5.77* 356.15* 354.67),-3.78244,111.8948,(346.73* 243.26* 359.86)
135,2,73.11034,(342.89* 240.82* 2.31),-0.3572388,-1.78067,(5.78* 356.05* 354.62),-3.741943,111.8041,(346.73* 243.26* 359.86)
135,2,73.13843,(341.93* 239.84* 2.41),-0.002250721,-2.730988,(5.79* 355.99* 354.54),-3.67627,111.7484,(346.73* 243.26* 359.86)
135,2,73.16644,(340.92* 238.83* 2.51),0.3763245,-3.709747,(5.82* 355.91* 354.47),-3.628998,111.6669,(346.73* 243.26* 359.86)
135,2,73.19363,(339.88* 237.78* 2.69),0.7112985,-4.713928,(5.83* 355.82* 354.42),-3.588226,111.5844,(346.73* 243.26* 359.86)
135,2,73.22166,(338.77* 236.75* 2.79),1.142456,-5.723694,(5.82* 355.73* 354.42),-3.584412,111.4962,(346.73* 243.26* 359.86)
135,2,73.24958,(337.53* 235.59* 2.98),1.553218,-6.83609,(5.80* 355.65* 354.34),-3.505737,111.4169,(346.73* 243.26* 359.86)
135,2,73.27717,(336.38* 234.43* 3.20),1.910757,-7.94989,(5.70* 355.69* 354.48),-3.584503,111.452,(346.73* 243.26* 359.86)
135,2,73.30502,(335.28* 233.21* 3.55),2.138788,-9.066132,(5.74* 355.51* 354.41),-3.538452,111.2779,(346.73* 243.26* 359.86)
135,2,73.33267,(334.11* 231.89* 3.99),2.329078,-10.23874,(5.75* 355.40* 354.40),-3.534546,111.1688,(346.73* 243.26* 359.86)
135,2,73.36765,(332.90* 230.58* 4.52),2.475742,-11.37201,(5.70* 355.18* 354.34),-3.462738,110.9557,(346.73* 243.26* 359.86)
135,2,73.39043,(331.77* 229.25* 5.10),2.561339,-12.49084,(5.71* 355.18* 354.31),-3.434631,110.9588,(346.73* 243.26* 359.86)
135,2,73.42007,(330.62* 227.88* 5.68),2.656489,-13.62808,(5.71* 355.15* 354.28),-3.407196,110.9312,(346.73* 243.26* 359.86)
135,2,73.44886,(328.82* 225.61* 6.91),2.592161,-15.37778,(5.69* 355.05* 354.33),-3.443665,110.8244,(346.73* 243.26* 359.86)
135,2,73.4776,(327.57* 224.15* 7.67),2.641387,-16.50803,(5.65* 354.96* 354.36),-3.460449,110.7375,(346.73* 243.26* 359.86)
135,2,73.50636,(326.45* 222.47* 8.75),2.404527,-17.65356,(5.59* 354.84* 354.42),-3.485138,110.6129,(346.73* 243.26* 359.86)
135,2,73.53616,(325.28* 220.75* 9.78),2.256442,-18.86057,(5.51* 354.72* 354.53),-3.542419,110.4906,(346.73* 243.26* 359.86)
135,2,73.56502,(324.32* 219.05* 10.77),2.047814,-20.03888,(5.40* 354.53* 354.51),-3.478394,110.3153,(346.73* 243.26* 359.86)
135,2,73.59341,(323.58* 217.44* 11.82),1.704952,-21.05673,(5.44* 354.27* 354.14),-3.166382,110.0734,(346.73* 243.26* 359.86)
135,2,73.62231,(322.99* 215.88* 12.83),1.329371,-22.04221,(5.36* 354.05* 353.98),-2.990417,109.8729,(346.73* 243.26* 359.86)
135,2,73.65029,(322.50* 214.22* 13.93),0.8507911,-23.0538,(5.33* 353.92* 353.93),-2.931915,109.7434,(346.73* 243.26* 359.86)
135,2,73.67867,(322.10* 212.71* 14.82),0.4745529,-24.01849,(5.27* 353.68* 353.79),-2.778198,109.5205,(346.73* 243.26* 359.86)
135,2,73.70669,(321.70* 211.41* 15.64),0.1565451,-24.82443,(5.20* 353.54* 353.67),-2.638885,109.3845,(346.73* 243.26* 359.86)
135,2,73.73465,(321.42* 210.13* 16.42),-0.187561,-25.61826,(5.20* 353.33* 353.48),-2.471893,109.197,(346.73* 243.26* 359.86)
135,3,74.94352,(348.36* 244.40* 0.27),-1.091339,1.212186,(6.59* 356.86* 355.81),-5.162415,112.4692,(346.73* 243.26* 359.86)
135,3,74.97086,(348.37* 244.41* 0.28),-1.10257,1.225916,(6.60* 356.84* 355.87),-5.214203,112.4437,(346.73* 243.26* 359.86)
135,3,74.99877,(348.24* 244.32* 0.28),-1.053558,1.141322,(6.58* 356.76* 355.88),-5.222046,112.3577,(346.73* 243.26* 359.86)
135,3,75.02675,(347.97* 244.10* 0.34),-0.9785767,0.9338704,(6.62* 356.75* 356.09),-5.42865,112.3354,(346.73* 243.26* 359.86)
135,3,75.05469,(347.58* 243.68* 0.39),-0.8475952,0.5344705,(6.63* 356.73* 356.18),-5.510712,112.3089,(346.73* 243.26* 359.86)
135,3,75.08258,(347.04* 243.14* 0.42),-0.6280212,0.009647416,(6.58* 356.67* 356.14),-5.457458,112.2501,(346.73* 243.26* 359.86)
135,3,75.11235,(346.35* 242.42* 0.51),-0.3945923,-0.689209,(6.59* 356.65* 356.18),-5.487823,112.2274,(346.73* 243.26* 359.86)
135,3,75.13756,(345.48* 241.52* 0.54),-0.02490234,-1.578094,(6.47* 356.74* 356.56),-5.781647,112.3019,(346.73* 243.26* 359.86)
135,3,75.16511,(344.42* 240.53* 0.50),0.4838839,-2.575989,(6.46* 356.71* 356.62),-5.834778,112.2718,(346.73* 243.26* 359.86)
135,3,75.19324,(342.93* 239.41* 0.35),1.289293,-3.762848,(6.53* 356.59* 356.32),-5.595093,112.1622,(346.73* 243.26* 359.86)
135,3,75.2215,(341.15* 238.27* 359.75),2.602634,-5.134186,(6.53* 356.50* 356.21),-5.499512,112.0834,(346.73* 243.26* 359.86)
135,3,75.24854,(339.32* 237.26* 359.20),3.879861,-6.405243,(6.49* 356.42* 356.29),-5.545258,111.9971,(346.73* 243.26* 359.86)
135,3,75.27686,(337.68* 236.27* 358.99),4.777567,-7.578705,(6.41* 356.28* 356.27),-5.497528,111.8721,(346.73* 243.26* 359.86)
135,3,75.30455,(336.05* 235.32* 359.07),5.429943,-8.633179,(6.36* 356.21* 356.40),-5.590149,111.7923,(346.73* 243.26* 359.86)
135,3,75.33241,(334.59* 234.44* 359.34),5.849016,-9.540314,(6.36* 356.07* 356.24),-5.447296,111.6596,(346.73* 243.26* 359.86)
135,3,75.3603,(333.14* 233.55* 359.66),6.227125,-10.4433,(6.34* 355.95* 356.15),-5.362213,111.5564,(346.73* 243.26* 359.86)
135,3,75.38754,(331.97* 232.63* 0.30),6.229126,-11.20953,(6.26* 355.94* 356.28),-5.436432,111.5406,(346.73* 243.26* 359.86)
135,3,75.41568,(331.02* 231.55* 0.87),6.20658,-12.13382,(6.28* 355.79* 356.06),-5.248474,111.4049,(346.73* 243.26* 359.86)
135,3,75.44358,(329.94* 230.35* 1.49),6.20435,-13.15796,(6.26* 355.64* 356.00),-5.187866,111.2622,(346.73* 243.26* 359.86)
135,3,75.47115,(328.99* 229.09* 2.12),6.143519,-14.22061,(6.21* 355.50* 355.84),-5.023285,111.1395,(346.73* 243.26* 359.86)
135,3,75.49899,(328.03* 227.83* 2.82),6.04211,-15.23016,(6.17* 355.33* 355.70),-4.882477,110.9763,(346.73* 243.26* 359.86)
135,3,75.5267,(327.22* 226.52* 3.52),5.883445,-16.27454,(6.11* 355.17* 355.55),-4.723846,110.8289,(346.73* 243.26* 359.86)
135,3,75.55435,(326.32* 225.38* 4.11),5.860159,-17.19232,(6.10* 355.03* 355.44),-4.622711,110.7025,(346.73* 243.26* 359.86)
135,3,75.58224,(325.44* 224.37* 4.61),5.892992,-18.02209,(6.06* 354.80* 355.29),-4.463318,110.4863,(346.73* 243.26* 359.86)
135,3,75.60977,(324.54* 223.27* 5.30),5.8115,-18.8334,(6.04* 354.55* 355.08),-4.266998,110.2517,(346.73* 243.26* 359.86)
135,3,75.63773,(323.83* 222.19* 6.08),5.591805,-19.55008,(5.99* 354.37* 354.87),-4.056061,110.0895,(346.73* 243.26* 359.86)
135,3,75.66553,(323.14* 221.07* 6.79),5.415052,-20.33154,(5.85* 354.09* 354.89),-4.018677,109.8133,(346.73* 243.26* 359.86)
135,3,75.69334,(322.79* 219.91* 7.65),4.987441,-21.03232,(5.82* 353.82* 354.58),-3.72641,109.573,(346.73* 243.26* 359.86)
135,3,75.7215,(322.45* 218.73* 8.48),4.57726,-21.76324,(5.74* 353.56* 354.30),-3.444,109.337,(346.73* 243.26* 359.86)
135,3,75.74895,(322.21* 217.53* 9.32),4.12054,-22.49182,(5.63* 353.44* 354.24),-3.336395,109.2257,(346.73* 243.26* 359.86)
135,3,75.77669,(322.24* 216.12* 10.31),3.426675,-23.31213,(5.60* 353.14* 353.84),-2.966919,108.9601,(346.73* 243.26* 359.86)
135,3,75.80449,(322.37* 214.79* 11.20),2.758153,-24.11096,(5.57* 352.94* 353.63),-2.766266,108.7802,(346.73* 243.26* 359.86)
135,3,75.83238,(322.49* 213.41* 12.02),2.137156,-25.00024,(5.46* 352.91* 353.89),-2.948792,108.7345,(346.73* 243.26* 359.86)
135,3,75.86035,(322.76* 211.99* 13.03),1.313764,-25.81415,(5.39* 352.71* 353.65),-2.704895,108.5485,(346.73* 243.26* 359.86)
135,3,75.8877,(322.98* 210.66* 13.88),0.6275511,-26.63959,(5.45* 352.49* 353.33),-2.446014,108.3536,(346.73* 243.26* 359.86)
135,3,75.90876,(323.05* 210.04* 14.37),0.2555157,-26.96112,(5.34* 352.27* 353.45),-2.501007,108.1245,(346.73* 243.26* 359.86)
135,3,75.93195,(323.23* 208.68* 15.28),-0.4512939,-27.77414,(5.29* 352.18* 353.47),-2.498077,108.0352,(346.73* 243.26* 359.86)
135,3,75.95702,(323.20* 207.66* 16.06),-0.947113,-28.33194,(5.46* 351.96* 352.91),-2.067505,107.8581,(346.73* 243.26* 359.86)
135,3,75.98439,(323.09* 206.85* 16.63),-1.270294,-28.78278,(5.41* 351.81* 352.83),-1.976501,107.7187,(346.73* 243.26* 359.86)
135,3,76.01196,(322.87* 206.25* 16.90),-1.321533,-29.21603,(5.36* 351.67* 352.85),-1.980316,107.5769,(346.73* 243.26* 359.86)
135,3,76.04003,(322.51* 205.73* 17.23),-1.330933,-29.52493,(5.33* 351.35* 352.30),-1.472534,107.2988,(346.73* 243.26* 359.86)
